#{"t_start": 1734581809.8197176, "env_id": "LunarLanderTargetPos"}
r,l,t
-100.0,1,0.759878
-100.0,1,0.761256
-100.0,1,0.762393
-100.0,1,0.763433
-100.0,1,0.76441
-100.0,1,0.765422
-207.01094,70,0.810421
-110.152276,77,0.863618
-70.953498,61,0.903102
-262.570337,96,0.968076
-367.778741,79,1.017679
-252.513522,91,1.082715
-204.303462,88,1.138694
-100.0,1,1.140047
-100.0,1,1.141154
-100.0,1,1.142145
-100.0,1,1.14313
-100.0,1,1.144145
-100.0,1,1.145061
-176.949939,65,1.188673
-100.0,1,1.190006
-180.870207,70,1.234355
-100.0,1,1.235533
-287.192858,74,1.284566
-100.0,1,1.285821
-100.0,1,1.28689
-82.10806,47,1.316335
-100.0,1,1.317573
-171.384909,53,1.350831
-100.0,1,1.352097
-275.033651,66,1.396663
-343.536273,68,1.455786
-100.0,1,1.457154
-296.954859,87,1.514885
-174.539842,63,1.555566
-100.0,1,1.556951
-211.544858,68,1.6021
-100.0,1,1.603459
-142.133087,77,1.651445
-100.0,1,1.652657
-100.0,1,1.6537
-100.0,1,1.654699
-104.598205,46,1.684566
-100.0,1,1.685776
-100.0,1,1.686757
-93.011644,59,1.722701
-179.87173,69,1.765035
-100.0,1,1.766249
-172.931988,54,1.800579
-42.066872,75,1.846105
-174.846714,65,1.887524
-100.0,1,1.88884
-100.0,1,1.889899
-123.096724,55,1.922534
-97.591925,53,1.956234
-127.663253,47,1.988122
-180.213152,101,2.053894
-100.0,1,2.055161
-257.404129,71,2.114804
-100.0,1,2.116057
-240.151774,90,3.124877
-330.036273,80,3.174183
-124.401506,70,3.220848
-100.0,1,3.222115
-100.0,1,3.223199
-100.0,1,3.224224
-99.563403,57,3.258682
-100.0,1,3.260062
-217.134128,70,3.303822
-100.0,1,3.305133
-100.0,1,3.306143
-100.0,1,3.307107
-100.0,1,3.308116
-100.0,1,3.30907
-100.0,1,3.310077
-100.0,1,3.311068
-100.0,1,3.312035
-100.0,1,3.313016
-146.215672,54,3.3486
-100.0,1,3.34981
-100.0,1,3.350851
-245.320995,85,3.403677
-345.238202,83,3.458623
-100.0,1,3.459892
-125.233478,88,3.514044
-52.158009,74,3.561972
-100.0,1,3.563214
-97.028727,70,3.604689
-340.909682,80,3.656138
-240.1822,87,3.715917
-100.0,1,3.717188
-100.0,1,3.718241
-113.818795,72,3.765089
-100.0,1,3.766294
-100.0,1,3.767283
-281.999912,75,3.812773
-363.31189,72,3.860755
-365.051348,82,3.913041
-100.0,1,3.914391
-55.814853,65,3.958556
-100.0,1,3.959957
-100.0,1,3.961031
-87.617081,66,4.002988
-100.0,1,4.004211
-91.106298,72,4.051035
-100.0,1,4.052268
-154.892205,77,4.09965
-100.0,1,4.100842
-125.306626,58,4.137868
-195.931083,60,4.176173
-100.0,1,4.177528
-241.771487,104,4.251605
-100.0,1,4.252899
-213.682353,77,4.300671
-210.596844,59,4.336375
-100.0,1,4.33988
-100.0,1,4.340932
-100.0,1,4.341915
-157.495453,56,4.38125
-477.241908,89,5.432153
-100.0,1,5.43363
-100.0,1,5.434688
-100.0,1,5.435677
-234.554131,71,5.482482
-170.686113,63,5.520153
-100.0,1,5.521443
-100.0,1,5.522496
-93.816332,56,5.557387
-117.628234,56,5.595121
-100.0,1,5.596465
-265.103025,67,5.638385
-194.514952,81,5.693279
-62.333652,86,5.749208
-67.16893,64,5.790278
-67.211904,75,5.838784
-148.73662,56,5.873425
-100.0,1,5.877325
-133.806758,91,5.93647
-100.0,1,5.937779
-803.292458,96,6.001607
-100.0,1,6.009915
-100.0,1,6.010984
-100.0,1,6.012044
-107.163529,73,6.058671
-100.0,1,6.059876
-187.722914,83,6.115371
-100.0,1,6.116701
-100.0,1,6.117752
-100.0,1,6.118698
-100.0,1,6.119704
-100.0,1,6.120706
-100.0,1,6.121662
-273.245183,89,6.177489
-100.0,1,6.17877
-142.583059,52,6.212963
-100.0,1,6.214264
-98.951936,72,6.259206
-94.035511,57,6.296711
-230.891417,82,6.34919
-258.46667,86,6.406476
-100.0,1,6.407768
-302.883529,90,6.47111
-121.845599,107,6.545615
-206.131665,85,6.600828
-305.856298,112,6.686217
-56.637344,86,6.74361
-100.0,1,6.744927
-212.739512,74,7.678324
-100.0,1,7.679828
-78.029593,69,7.727213
-112.449102,57,7.764021
-100.0,1,7.765433
-100.0,1,7.76652
-100.0,1,7.767575
-100.0,1,7.768601
-100.0,1,7.769609
-397.255369,126,7.858968
-131.301444,69,7.904837
-100.0,1,7.906097
-100.0,1,7.907161
-194.051278,80,7.961676
-100.0,1,7.963068
-93.199153,77,8.012735
-192.20716,79,8.067117
-100.0,1,8.068541
-87.045392,73,8.116183
-100.0,1,8.117511
-100.0,1,8.118588
-232.225122,78,8.172106
-100.0,1,8.173364
-241.375242,71,8.219464
-37.354019,76,8.280882
-312.093844,123,8.365709
-100.0,1,8.367065
-60.253012,109,8.436454
-100.0,1,8.437717
-38.788863,59,8.475859
-128.387219,72,8.520418
-201.961784,108,8.59372
-207.845952,79,8.64588
-100.0,1,8.647262
-100.0,1,8.64827
-229.77675,93,8.706958
-100.0,1,8.708408
-100.0,1,8.709462
-100.0,1,8.710448
-216.348002,56,8.744715
-100.0,1,8.748403
-100.0,1,8.749612
-100.0,1,8.750681
-100.0,1,8.751813
-100.0,1,8.752791
-100.0,1,8.753766
-329.034816,76,8.802816
-117.411333,58,8.83973
-100.0,1,8.841151
-100.0,1,8.842215
-136.552191,62,8.885388
-254.728294,69,8.938407
-119.660253,69,8.986283
-100.0,1,8.987625
-77.427809,92,9.048347
-238.034461,80,9.96396
-63.097504,98,10.02967
-284.872525,123,10.113624
-287.243986,101,10.182609
-100.0,1,10.183984
-211.394525,86,10.239444
-240.205485,92,10.303076
-100.0,1,10.304484
-100.0,1,10.305586
-100.0,1,10.306575
-245.348896,74,10.353937
-218.950362,83,10.409971
-100.0,1,10.411361
-202.454962,70,10.456079
-100.0,1,10.457352
-100.0,1,10.458471
-100.0,1,10.459514
-100.0,1,10.460555
-216.236661,71,10.514751
-100.0,1,10.515996
-297.637394,89,10.574725
-91.743222,69,10.622244
-100.0,1,10.623483
-426.508124,89,10.681852
-137.534133,80,10.7356
-134.38951,92,10.797354
-82.012809,113,10.873068
-100.0,1,10.874357
-101.164966,104,10.944741
-100.0,1,10.945978
-100.0,1,10.947052
-100.0,1,10.948037
-100.0,1,10.949026
-33.360702,88,11.008089
-334.024504,118,11.088139
-100.0,1,11.089445
-229.569077,117,11.17571
-168.383485,85,11.234592
-187.637157,72,11.283974
-100.0,1,11.285339
-87.897367,103,12.21591
-342.534576,164,12.334771
-100.0,1,12.336123
-100.0,1,12.337129
-236.588106,128,12.421931
-253.32582,106,12.494339
-156.027833,104,12.56725
-100.0,1,12.568573
-43.848406,98,12.634323
-100.0,1,12.635807
-100.0,1,12.639067
-100.0,1,12.640167
-25.502184,60,12.678775
-237.550203,83,12.742143
-100.0,1,12.743603
-270.532495,90,12.804217
-100.0,1,12.80557
-100.0,1,12.806615
-100.0,1,12.807658
-100.0,1,12.808689
-620.522493,231,13.008698
-100.0,1,13.010428
-22.906133,85,13.06779
-100.0,1,13.069039
-111.014465,92,13.127898
-100.0,1,13.129211
-102.063175,98,13.192853
-107.867037,110,13.269228
-100.0,1,13.270517
-100.0,1,13.271545
-193.187476,81,13.327188
-100.0,1,13.328817
-297.431046,134,13.42368
-549.64174,216,13.595859
-250.10977,133,14.571718
-287.781791,146,14.670183
-100.0,1,14.671437
-460.870776,205,14.822875
-42.177798,105,14.895893
-161.214631,99,14.963098
-273.025873,92,15.026946
-100.0,1,15.028114
-100.0,1,15.029101
-158.825531,119,15.11562
-100.0,1,15.116825
-100.0,1,15.117855
-100.0,1,15.118859
-224.944033,147,15.21984
-361.329741,766,16.127072
-217.302044,93,16.189963
-100.0,1,16.191213
-100.0,1,16.192285
-100.0,1,16.193294
-328.459318,153,16.302591
-100.0,1,16.303861
-165.87456,218,17.361423
-251.680112,119,17.439673
-441.08446,139,17.536183
-100.0,1,17.53745
-225.918945,178,17.664295
-100.0,1,17.665512
-100.0,1,17.666532
-100.0,1,17.667538
-100.0,1,17.668528
-100.0,1,17.669499
-381.731481,119,17.752622
-283.111544,137,17.848085
-100.0,1,17.849335
-100.0,1,17.850322
-100.0,1,17.851347
-249.146558,108,17.924883
-304.244912,113,18.00331
-262.50539,155,18.117981
-100.0,1,18.11926
-275.796657,214,18.279093
-197.267753,146,18.386855
-100.0,1,18.388115
-141.019652,121,18.480225
-293.77554,216,18.657039
-174.305776,131,18.749799
-100.0,1,18.751317
-100.0,1,18.752377
-180.54591,87,19.660294
-118.044147,93,19.72549
-322.906855,142,19.828907
-223.660623,89,19.889051
-293.487688,168,20.013026
-262.851921,91,20.078972
-100.0,1,20.080363
-100.0,1,20.081386
-162.115022,57,20.119375
-5.52987,160,20.229092
-100.0,1,20.230435
-186.803096,141,20.333619
-235.82155,138,20.42928
-451.978111,103,20.49664
-383.896889,147,20.597172
-254.172578,106,20.670472
-100.0,1,20.671726
-263.261442,142,20.776371
-100.0,1,20.777599
-100.0,1,20.778587
-100.0,1,20.779625
-100.0,1,20.780572
-262.680817,135,20.876606
-100.0,1,20.877877
-100.0,1,20.878949
-100.0,1,20.880009
-257.967934,179,21.010164
-100.0,1,21.011426
-114.106876,130,21.967205
-180.787995,154,22.080835
-208.238127,150,22.187841
-100.0,1,22.189094
-234.178824,132,22.282386
-100.0,1,22.283645
-217.608869,240,22.47315
-284.360114,160,22.590016
-100.0,1,22.591357
-104.772914,137,22.688624
-105.808582,137,22.783688
-100.0,1,22.78495
-36.153464,83,22.840386
-100.0,1,22.841853
-100.0,1,22.842876
-138.037411,139,22.937091
-100.0,1,22.938396
-100.0,1,22.939452
-100.0,1,22.940439
-100.0,1,22.941442
-157.322131,90,23.002012
-410.947398,136,23.102461
-241.351931,153,23.2107
-100.599584,170,23.331038
-100.0,1,23.332499
-417.321955,127,24.287311
-100.0,1,24.288568
-403.847761,244,24.498705
-100.0,1,24.500088
-100.0,1,24.501138
-100.0,1,24.502167
-239.182086,99,24.569313
-100.0,1,24.57054
-100.0,1,24.571545
-100.0,1,24.572512
-196.753958,162,24.69349
-116.810678,127,24.780457
-246.100128,262,24.986269
-100.0,1,24.987601
-100.0,1,24.988612
-100.0,1,24.989571
-100.0,1,24.990545
-100.0,1,24.991477
-254.678556,92,25.052658
-120.910777,110,25.126881
-100.0,1,25.128136
-100.0,1,25.129133
-100.0,1,25.130124
-100.0,1,25.131067
-100.0,1,25.132061
-131.950108,137,25.224338
-100.0,1,25.22555
-100.0,1,25.226569
-416.483463,198,25.370525
-100.0,1,25.37183
-237.061654,172,25.496414
-100.0,1,25.49767
-41.907668,121,25.577934
-281.426609,148,25.681389
-100.0,1,25.682801
-100.0,1,25.68386
-100.0,1,25.684798
-100.0,1,25.685755
-100.0,1,25.686695
-100.0,1,25.687686
-152.017808,111,25.762886
-534.870698,125,26.710479
-261.497297,184,26.844207
-100.0,1,26.845487
-100.0,1,26.846496
-83.764738,110,26.919474
-100.0,1,26.9207
-131.389925,93,26.991063
-100.0,1,26.992266
-100.0,1,26.993282
-100.0,1,26.994246
-374.718123,112,27.068269
-353.157506,203,27.211831
-100.0,1,27.21303
-372.348711,1196,29.482152
-100.0,1,29.484117
-225.160456,99,30.397942
-87.495413,172,30.520787
-100.0,1,30.52217
-345.872456,132,30.616189
-100.0,1,30.617436
-302.814677,221,30.791442
-100.0,1,30.792795
-458.174912,144,30.892265
-100.0,1,30.893553
-28.334417,97,30.958354
-100.0,1,30.961553
-100.0,1,30.962618
-381.120174,179,31.096336
-100.0,1,31.097707
-290.503772,118,31.181321
-127.696366,127,31.270008
-100.0,1,31.271246
-282.13192,162,31.395964
-305.190036,142,31.496191
-100.0,1,31.49733
-150.733643,123,31.584762
-100.0,1,31.586022
-103.827256,105,31.654479
-100.0,1,31.655724
-100.0,1,31.656735
-100.0,1,31.657677
-100.0,1,31.658598
-417.55033,164,31.781237
-100.0,1,31.782432
-100.0,1,31.783485
-225.057999,139,32.739562
-100.0,1,32.740762
-102.956902,120,32.824888
-257.533539,95,32.887524
-100.0,1,32.888711
-100.0,1,32.889725
-100.0,1,32.890712
-155.490041,156,33.011355
16.300538,84,33.064485
-100.0,1,33.065691
-100.0,1,33.066701
-175.602492,171,33.184293
-329.50526,126,33.270123
-100.0,1,33.271456
-100.0,1,33.272472
-100.0,1,33.273466
-100.0,1,33.274408
-100.0,1,33.275406
-751.242504,18767,171.900373
-102.909135,90,171.976636
-340.612439,90,172.030933
-121.103236,112,172.106176
-100.0,1,172.107329
-100.0,1,172.108374
-104.797779,90,172.168839
-100.0,1,172.170058
-74.798001,95,172.22919
-249.470897,90,172.287641
-100.0,1,172.288844
-100.0,1,172.289868
-90.912986,81,172.34103
-100.0,1,172.342195
-172.282139,106,172.414196
-100.0,1,172.415571
-100.0,1,172.416549
-100.0,1,172.417465
-100.0,1,172.418446
-9.026478,113,173.356912
-100.0,1,173.358321
-100.0,1,173.359362
-100.0,1,173.360435
-100.0,1,173.361474
-233.488442,112,173.437003
-62.182679,91,173.498728
-191.181322,118,173.576725
9.870219,77,173.628272
-100.0,1,173.629504
-100.0,1,173.630544
-100.0,1,173.631466
-100.0,1,173.632441
-28.823149,70,173.676615
-142.218297,105,173.747956
-123.287794,104,173.822151
-100.0,1,173.823477
-444.235406,135,173.920005
-217.274229,131,174.012926
-100.0,1,174.014174
-266.468392,128,174.101491
-345.757925,113,174.180767
-137.090028,115,174.256385
-100.0,1,174.257642
-284.802695,128,174.343301
-74.363224,110,174.415595
-221.514703,98,174.477461
-31.615668,86,174.534701
-175.305868,129,174.622973
-147.998226,88,174.684064
-103.909731,114,175.601356
-100.0,1,175.602572
24.588077,114,175.680863
-89.510485,122,175.767016
-100.0,1,175.768253
-240.764479,151,175.875342
-281.373237,93,175.934965
-100.0,1,175.936232
-72.663063,87,175.996028
-214.626967,129,176.083651
-23.55328,92,176.143555
-100.0,1,176.144908
-100.0,1,176.145946
-201.591328,85,176.20697
-122.930222,104,176.279488
-100.0,1,176.280838
-100.0,1,176.281847
-100.0,1,176.282856
-183.328658,107,176.357494
-47.116776,94,176.419924
-100.0,1,176.421082
-100.0,1,176.422127
-163.725233,121,176.504954
-380.300386,138,176.605191
34.078686,95,176.668611
-136.008717,126,176.750594
-50.073131,85,176.806915
-291.131602,90,176.878804
-316.443252,97,176.940158
-100.0,1,176.941544
-100.0,1,176.942586
-100.0,1,176.943601
-169.256133,125,177.880282
-100.0,1,177.8816
-82.734317,117,177.958956
-269.134393,139,178.053803
-264.598821,127,178.141776
-440.097398,120,178.221654
-100.0,1,178.222923
-101.883038,108,178.295627
-177.713187,90,178.356764
-72.929629,116,178.444691
-320.800687,122,178.526664
-221.341978,135,178.622591
-219.142554,113,178.696655
-100.0,1,178.697962
-100.0,1,178.699
-100.0,1,178.699998
-100.0,1,178.701022
-219.269198,136,178.798501
-335.725191,159,178.909101
-100.0,1,178.910343
-100.0,1,178.913538
-149.551511,111,178.98906
-19.931944,103,179.061646
-100.0,1,179.063029
-100.0,1,179.064121
-100.0,1,179.065065
-235.653231,145,179.17396
-100.0,1,179.175323
-210.203275,126,179.266593
-217.955663,99,180.218987
-100.0,1,180.22049
-100.0,1,180.221551
-210.070114,115,180.305083
-277.17531,143,180.405844
-304.261252,163,180.520807
-100.0,1,180.522098
-100.0,1,180.523076
-81.388225,153,180.633968
-588.315264,181,180.772606
-86.339923,133,180.865488
-100.0,1,180.86673
-100.0,1,180.867802
-100.0,1,180.868786
-178.478429,108,180.941834
-100.0,1,180.943098
-100.202946,16,180.953078
-100.0,1,180.954179
-100.0,1,180.955133
-100.0,1,180.956139
-144.402421,154,181.065144
-100.0,1,181.066398
-100.0,1,181.067422
-80.439619,121,181.149199
-100.0,1,181.150419
-100.0,1,181.151414
-100.0,1,181.152389
-100.0,1,181.153385
-100.0,1,181.154329
-100.0,1,181.155215
-110.491259,105,181.230644
-100.0,1,181.231946
-170.12578,137,181.324463
-151.804786,111,181.399035
-200.903771,154,181.509086
-100.0,1,181.51033
-100.0,1,181.511328
-100.0,1,181.512301
-100.0,1,181.513315
-100.0,1,181.514237
-175.753541,107,181.585824
-100.0,1,181.586987
2.379439,117,182.616957
-205.598063,104,182.686586
-100.0,1,182.688033
-125.773436,169,182.815363
-100.0,1,182.816761
-165.090537,110,182.888315
-45.761668,164,183.0033
-265.601475,141,183.113625
-124.257628,122,183.19601
-100.0,1,183.197339
-178.205426,171,183.32268
-284.086371,109,183.395082
-86.578659,121,183.480786
-40.034733,144,183.582745
-169.658489,137,183.678368
-100.0,1,183.679704
-100.0,1,183.680765
-100.0,1,183.681807
-15.503622,168,183.810797
-136.590042,172,183.939004
-100.0,1,183.940487
-145.158529,168,184.949627
-100.0,1,184.951103
-320.97463,145,185.049932
-309.883862,222,185.238337
-100.0,1,185.239731
-100.0,1,185.24072
-100.0,1,185.241734
-100.0,1,185.242744
-88.963076,133,185.333842
-10.151509,154,185.448374
-407.077939,215,185.600591
-100.0,1,185.601874
-100.0,1,185.602902
-108.038623,216,185.763045
-100.0,1,185.764402
-67.562687,143,185.868723
-151.399185,267,186.086959
-100.0,1,186.088401
6.889131,136,186.199428
-276.085508,106,186.267744
-100.0,1,186.269137
-121.741506,138,186.365506
-45.725342,148,187.360132
-100.0,1,187.361448
-100.0,1,187.362509
-122.609054,146,187.471276
-104.184216,157,187.582931
-286.991957,138,187.680668
-318.542694,211,187.848494
-231.795483,154,187.958074
-100.0,1,187.959311
-296.267838,197,188.106188
134.141667,696,188.77474
-104.605646,180,188.90868
-199.709747,235,189.937696
-37.944321,215,190.10499
-123.35923,153,190.21419
-100.0,1,190.215466
-394.267831,158,190.335155
-100.0,1,190.336621
-100.0,1,190.33769
-100.0,1,190.338675
-100.0,1,190.339621
-15.006371,155,190.451668
-100.0,1,190.45295
-100.0,1,190.453991
-100.0,1,190.455037
-96.807114,185,190.596056
-100.0,1,190.597375
6.246067,129,190.690991
-5.473024,149,190.797019
-100.0,1,190.7982
-100.0,1,190.799253
-164.033716,174,190.922849
-100.0,1,190.924131
-100.0,1,190.925184
-210.920978,118,191.005436
-100.0,1,191.006652
-115.598448,162,191.134697
-100.0,1,191.136099
-100.0,1,191.137117
-100.0,1,191.138142
-100.0,1,191.139132
-100.0,1,191.140115
-100.0,1,191.141085
-100.0,1,191.142075
-100.0,1,191.143085
-100.0,1,191.144106
161.540627,289,191.363623
-100.0,1,191.365053
-100.0,1,191.366135
-100.0,1,191.367196
-18.081736,189,192.35661
-20.621066,178,192.497529
-174.191453,115,192.578674
-176.198772,130,192.68516
-39.520012,242,192.88498
-139.456508,158,192.995921
-79.752565,190,193.137378
-61.058712,159,193.254967
-150.929028,232,193.433486
-111.256866,112,193.513748
-118.915752,125,193.601501
-100.0,1,193.60288
-68.289403,162,193.726238
-43.815728,177,194.702628
-95.372514,146,194.807723
-100.0,1,194.808989
-207.189365,158,194.927572
-100.0,1,194.928931
-100.0,1,194.930004
-100.0,1,194.93104
-24.650795,181,195.074616
-100.0,1,195.075905
-185.572562,164,195.196313
-100.0,1,195.197626
-208.060783,130,195.286472
-26.120712,222,195.460596
-100.0,1,195.461967
-100.0,1,195.46301
-100.0,1,195.464032
-100.0,1,195.465009
-100.0,1,195.465957
-100.0,1,195.466879
-117.737054,29,195.48523
-100.0,1,195.486408
-205.409722,147,195.587875
-100.0,1,195.589242
-13.440439,178,195.718129
-16.36219,192,195.872504
-276.236162,224,196.040989
29.306933,119,196.124033
-107.302581,251,197.156457
-108.168096,155,197.267542
-28.248579,141,197.382435
-100.0,1,197.383658
-54.338058,149,197.490281
-100.0,1,197.491475
-100.0,1,197.492476
-85.153235,119,197.573966
-74.786904,143,197.675058
-222.812697,207,197.834776
-18.447726,178,197.970065
-100.0,1,197.97134
-206.079298,118,198.051944
-100.0,1,198.05324
-202.691167,184,198.203212
-227.869735,208,198.373176
-36.391172,206,198.529647
-83.278149,178,199.520091
-99.59559,214,199.693343
-100.0,1,199.694844
-100.0,1,199.695982
-100.0,1,199.697012
-100.0,1,199.69808
-112.675674,203,199.861509
-100.0,1,199.862855
-259.006344,187,200.003342
28.311296,196,200.151124
-128.573234,233,200.331681
-100.0,1,200.33294
-85.311642,199,200.47913
-100.0,1,200.480471
22.981687,131,200.585312
-100.0,1,200.586519
-110.379568,209,200.747742
17.608392,130,200.843255
-100.0,1,200.844511
-100.0,1,200.845576
-100.0,1,200.846623
-167.646961,142,200.951309
-100.0,1,200.952612
153.544601,317,202.076087
-100.0,1,202.077472
-100.0,1,202.078526
-100.0,1,202.079545
-113.494115,149,202.201569
-100.0,1,202.202817
-100.0,1,202.203848
-50.305634,163,202.321966
-100.0,1,202.3234
-100.0,1,202.324441
-100.0,1,202.325428
-100.0,1,202.326442
43.820554,167,202.446472
-100.0,1,202.447952
-100.0,1,202.449023
-105.626273,208,202.621585
-100.0,1,202.62288
2.864224,123,202.71127
-100.0,1,202.712491
-100.0,1,202.713566
-100.0,1,202.714602
-100.0,1,202.71565
-100.0,1,202.716647
-100.0,1,202.71761
-100.0,1,202.71858
-100.0,1,202.719616
-100.0,1,202.720588
-100.0,1,202.721545
-100.0,1,202.722505
-100.0,1,202.723542
12.513132,156,202.834539
-105.758186,175,202.97719
-118.129599,150,203.084242
-100.0,1,203.085549
-119.076149,150,203.192759
-100.0,1,203.193982
-100.0,1,203.195074
-100.0,1,203.196096
-100.0,1,203.197121
-100.0,1,203.198158
-23.095809,185,203.339611
-100.0,1,203.34099
-165.951649,248,204.405702
-100.0,1,204.407073
25.293623,149,204.517413
16.795306,137,204.627128
-100.0,1,204.628384
-100.0,1,204.629447
-101.06734,137,204.730628
-96.53161,217,204.894981
17.483606,164,205.016753
-87.200338,191,205.152283
-18.615562,158,205.262832
-221.789636,242,205.459452
-147.953251,236,205.658812
-19.627548,160,205.774867
-100.0,1,205.776258
-50.185216,139,205.874641
-50.141481,165,206.899591
-100.0,1,206.901018
-100.0,1,206.901982
-10.003569,165,207.027678
20.56969,144,207.128618
-100.0,1,207.129927
3.865763,171,207.266936
9.222904,164,207.384956
-100.0,1,207.386236
-100.0,1,207.387315
-44.16866,189,207.529096
-100.0,1,207.530442
-100.0,1,207.531467
-100.0,1,207.532443
-22.826476,264,207.745926
-40.736438,257,207.960274
-100.0,1,207.961629
-100.0,1,207.962686
-84.70686,245,208.148199
-100.0,1,208.149566
-100.0,1,208.150585
-100.0,1,208.151669
-100.0,1,208.152638
-100.0,1,208.153635
32.273485,128,208.244226
-100.0,1,208.245521
-52.982035,178,209.281403
-100.0,1,209.282755
2.390538,193,209.443681
-41.353995,267,209.642129
-100.0,1,209.643454
-100.0,1,209.644506
-80.494051,247,209.833852
36.576456,135,209.930074
-20.642648,208,210.085691
-100.0,1,210.087032
-137.213897,268,210.309278
-123.367099,239,210.487701
-42.841207,203,210.638352
-100.0,1,210.639696
-128.821309,255,210.841884
-20.033236,189,211.839469
-107.232168,9,211.845598
-100.0,1,211.846724
-100.0,1,211.84781
-100.0,1,211.848793
-100.0,1,211.849786
-100.0,1,211.85078
-100.0,1,211.851819
-100.0,1,211.852744
-100.0,1,211.85377
-98.455253,299,212.116396
-100.0,1,212.11782
-59.211738,234,212.29295
-100.0,1,212.294234
-100.738124,332,212.582151
-80.255156,193,212.736333
138.637123,3503,218.966767
-100.0,1,218.969759
-98.042937,248,219.193793
-100.0,1,219.195196
-100.0,1,219.196285
-61.277203,211,219.357274
-100.0,1,219.358647
-103.281797,241,219.557988
10.544057,146,219.660708
-100.0,1,219.661995
-100.0,1,219.662946
-100.0,1,219.663996
-100.0,1,219.66502
-99.305244,170,219.791551
-183.374739,299,220.052315
-100.0,1,220.053735
6.104562,179,221.06682
-134.751013,210,221.234198
-100.0,1,221.235498
-117.675861,299,221.505159
-100.0,1,221.506509
-334.315109,452,221.897284
-100.0,1,221.898688
-9.645566,173,222.022902
-100.0,1,222.024189
-100.0,1,222.025326
-9.994046,200,222.173015
-100.0,1,222.174356
-100.0,1,222.175409
-100.0,1,222.176385
14.464288,167,222.297408
-100.0,1,222.29869
186.248295,1025,224.069102
-100.0,1,224.070769
-100.0,1,224.071831
-24.114657,208,224.228079
-100.0,1,224.229347
-13.967215,183,224.370174
-100.0,1,224.371521
-100.0,1,224.372591
-38.111847,242,224.556491
-100.0,1,224.557864
-100.0,1,224.558944
-100.0,1,224.559998
-23.470289,171,224.697346
5.499474,214,224.855438
-21.588299,223,225.027958
-40.477689,190,225.185579
32.527974,155,226.140229
-100.0,1,226.141585
-79.615898,174,226.271646
-58.761406,237,226.454157
1.644021,125,226.54318
-116.930208,239,226.757981
15.010838,177,226.89172
-88.152512,248,227.08548
-100.0,1,227.086906
-28.587807,192,227.230698
-152.140029,238,227.435699
-100.0,1,227.436953
-183.418714,336,228.622726
-235.89555,301,228.872121
-54.36308,287,229.126303
-100.0,1,229.127779
-53.755379,263,229.338003
-100.0,1,229.339302
-169.142994,391,229.771439
5.051081,164,229.888059
-126.116774,302,230.141596
-100.0,1,230.143068
-240.703933,370,231.337019
222.014728,636,231.92674
-100.0,1,231.928377
-100.0,1,231.929381
-102.305862,291,232.197877
-15.731157,199,232.354733
-72.664172,271,232.580699
121.983687,713,234.343425
-100.0,1,234.345311
-100.0,1,234.34633
-64.413206,226,234.526921
-100.0,1,234.528507
-24.912716,204,234.685456
-100.0,1,234.686747
-26.7685,164,234.816194
-31.817243,239,234.996975
-100.0,1,234.998303
-100.0,1,234.999338
-126.247927,309,235.322765
-100.0,1,235.324129
-100.0,1,235.325197
-19.211225,169,235.4476
-63.619276,196,235.59175
-100.0,1,235.592978
20.016068,137,235.706048
-100.0,1,235.707326
-100.0,1,235.70838
-15.806525,212,235.879413
-100.0,1,235.880781
-100.0,1,235.88185
-100.0,1,235.882864
-6.938239,197,236.901443
-100.0,1,236.902965
-100.0,1,236.90404
-39.215514,169,237.023219
-91.809249,220,237.188695
-24.162684,163,237.330537
5.488322,159,237.44384
-10.984398,158,237.555822
-4.427623,132,237.651687
112.808429,631,238.275654
-135.405534,299,239.423533
-46.714708,200,239.568327
-100.0,1,239.569754
-100.0,1,239.570796
1.811042,150,239.673722
121.639404,374,240.065275
-11.453151,163,240.180014
-100.0,1,240.1813
-95.571643,201,240.326764
-86.929569,206,240.484191
252.190985,402,240.848454
-171.215869,385,242.128051
34.043122,147,242.235996
-100.0,1,242.237377
2.84267,183,242.371045
-98.855217,255,242.593751
254.6294,358,242.889006
-100.0,1,242.89036
-100.0,1,242.891474
-66.116365,203,243.048923
125.784402,419,243.47069
-28.490238,171,243.597548
-100.0,1,243.598871
11.903265,164,243.718743
-100.0,1,243.720162
-155.760199,255,244.861419
-100.0,1,244.862836
-135.188471,210,245.022274
-17.526973,163,245.15199
23.743,170,245.273967
-100.0,1,245.275306
-100.0,1,245.276353
-100.0,1,245.277343
-100.0,1,245.278348
-135.420004,421,245.673821
-100.0,1,245.67547
-100.0,1,245.676546
-100.0,1,245.677568
-100.0,1,245.678531
-100.0,1,245.679568
-11.468404,178,245.812205
-100.0,1,245.813602
-104.486809,200,245.982995
-100.0,1,245.984392
-100.0,1,245.985444
50.856844,690,247.568251
-115.508195,458,248.047594
-100.0,1,248.049091
20.825197,159,248.164255
-100.0,1,248.165606
7.930471,158,248.27724
-100.0,1,248.278599
-100.0,1,248.279698
45.595947,138,248.377184
-117.970937,254,248.580873
-83.003258,239,248.775438
267.084892,592,250.130674
-100.0,1,250.132426
-100.0,1,250.134001
-100.0,1,250.135094
244.28605,252,250.332555
-6.049321,184,250.486798
-100.0,1,250.488077
88.744235,574,251.314462
-10.489692,154,251.428621
-100.0,1,251.429961
-100.0,1,251.431034
-2.78671,165,251.564824
-96.514952,224,251.74343
-100.0,1,251.74482
-15.584968,173,251.871085
244.431248,401,253.094198
-0.427238,173,253.235984
-74.358367,245,253.439852
-100.0,1,253.44124
-167.915036,211,253.604493
-100.0,1,253.605738
-0.37824,144,253.710579
-100.0,1,253.711892
-100.0,1,253.712933
262.353582,277,253.928295
-11.642931,141,254.044179
-67.139771,386,254.362916
-156.636742,342,255.51182
-100.0,1,255.513403
-100.0,1,255.514406
-100.0,1,255.51541
-100.0,1,255.516415
230.615331,360,255.799509
-100.0,1,255.800848
-14.767856,190,255.939249
195.020644,359,256.222986
239.201652,235,256.412338
-120.104686,281,256.688339
-100.0,1,256.689749
-100.221631,293,256.945819
6.399889,172,257.070756
-46.556701,169,258.057961
192.363161,293,258.292458
-52.776764,220,258.461225
-100.0,1,258.462456
-92.562,212,258.624832
-100.0,1,258.626162
-58.993894,197,258.771892
-100.0,1,258.773189
5.322193,195,258.913642
-86.564267,315,259.16949
-100.0,1,259.17086
-192.048984,320,259.489194
-89.334133,312,260.651172
239.745039,271,260.883156
-100.0,1,260.884543
235.886405,252,261.083507
-100.0,1,261.084879
-73.450931,275,261.3171
-100.0,1,261.3184
-142.465297,296,261.582258
-100.0,1,261.583581
-100.0,1,261.584639
-306.949341,456,262.07439
-26.157976,191,262.22218
-100.0,1,262.223524
-16.01475,155,263.196926
-100.0,1,263.198413
-100.0,1,263.19944
-100.0,1,263.200413
27.151786,1009,264.342011
-100.0,1,264.343729
-100.0,1,264.344776
90.0235,530,264.964573
-100.0,1,264.966092
-100.0,1,264.967157
-100.0,1,264.968199
-110.888255,245,265.183467
119.147397,502,266.545849
-79.990304,246,266.747853
-255.164133,694,267.715778
-106.291264,249,267.918669
-100.0,1,267.92008
243.833272,235,268.098365
-100.0,1,268.099752
-100.0,1,268.100741
-100.0,1,268.101717
-100.0,1,268.102684
-100.0,1,268.103737
229.971532,303,268.347777
-100.0,1,268.34933
-100.0,1,268.350399
-100.0,1,268.351424
15.922471,733,270.009446
-290.855961,440,270.600852
-100.0,1,270.602319
-288.585275,356,270.902567
-100.0,1,270.903952
-100.0,1,270.905049
232.647586,264,271.098721
220.063693,356,272.231637
-336.03775,424,272.673222
-100.0,1,272.674648
-100.0,1,272.675703
-100.0,1,272.676703
-303.369518,430,273.073778
-100.0,1,273.075321
-100.0,1,273.076398
104.75566,568,273.88675
-100.0,1,273.888438
-100.0,1,273.88949
-100.0,1,273.890447
140.353763,582,275.398314
-343.372599,668,276.027289
-100.0,1,276.029035
-100.0,1,276.030066
-324.663717,478,276.448078
-100.0,1,276.449617
-100.0,1,276.450669
-100.0,1,276.451657
-100.0,1,276.452645
-332.125466,689,277.296629
203.457517,317,278.394365
197.518235,299,278.662992
-100.0,1,278.664473
208.199806,365,278.968788
-100.0,1,278.970104
-100.0,1,278.971106
204.180784,294,279.198924
-100.0,1,279.200407
-272.072106,498,279.673867
-100.0,1,279.675408
-52.873924,202,279.824823
-64.082137,211,279.9887
-100.0,1,279.990069
-100.0,1,279.991128
239.872179,251,281.012363
-100.0,1,281.013868
-100.0,1,281.0149
-42.092186,121,281.099213
-100.0,1,281.100429
-100.0,1,281.101444
198.245886,329,281.352635
-76.82416,401,281.799925
-39.267388,161,281.91199
-100.0,1,281.913255
147.441427,522,282.438057
-202.709173,449,283.795045
-27.859711,218,283.960744
-25.311376,180,284.091658
204.303816,300,284.347501
-100.0,1,284.348999
-30.677578,221,284.519056
-100.0,1,284.520486
-356.814392,567,285.060249
-61.62703,321,285.344706
-100.0,1,285.346165
-100.0,1,285.347222
-100.0,1,285.348258
-26.461309,180,286.315476
-114.719294,356,286.654391
200.664502,352,286.941066
163.28847,539,287.609674
189.244671,357,287.895893
-30.131719,146,288.006249
-100.0,1,288.007587
-100.0,1,288.008624
-73.87032,308,289.148152
-100.0,1,289.149673
-100.0,1,289.15069
-100.0,1,289.151772
-100.0,1,289.152764
-100.0,1,289.153709
-126.562405,391,289.512352
-100.0,1,289.513772
218.521782,280,289.752405
186.431079,370,290.093096
-86.590366,431,290.649376
-280.997866,615,292.2164
-100.0,1,292.218068
-100.0,1,292.219134
226.548257,265,292.430964
-45.41823,252,292.624279
218.83343,394,292.994503
-100.0,1,292.995995
-100.0,1,292.99701
-100.0,1,292.997972
-100.0,1,292.9989
-99.655283,346,293.322526
-100.0,1,293.323961
192.573747,374,293.705162
222.648352,271,294.762658
-100.0,1,294.7641
-49.765278,270,294.990426
-100.0,1,294.991758
-356.939267,586,295.545246
199.514803,317,295.83529
191.001092,329,296.108367
-237.916931,332,296.425911
186.687566,317,297.543068
-100.0,1,297.544599
-160.690567,315,297.811
-100.0,1,297.812409
207.622344,318,298.061003
-100.0,1,298.062388
-36.228591,254,298.28496
-100.0,1,298.286387
222.929862,279,298.494001
216.00934,342,298.770775
-26.77917,231,298.97793
-6.116875,177,299.112339
-100.0,1,299.113647
-100.0,1,299.114649
-100.0,1,299.115603
-348.903643,571,300.447493
-127.090212,355,300.786218
242.68192,301,301.022978
-100.0,1,301.024508
-90.319512,324,301.346126
175.759332,349,301.661332
-64.83066,180,302.652758
-100.0,1,302.654186
-8.461728,193,302.805085
-46.987829,290,303.051174
-258.497104,399,303.442766
-23.822715,164,303.55785
-100.0,1,303.559101
-317.684787,593,304.096599
-191.825968,614,305.452353
-100.0,1,305.454041
-100.0,1,305.455072
-100.0,1,305.456106
86.071202,729,306.509018
188.3091,329,306.781229
44.865054,850,308.79726
-100.0,1,308.799252
-54.730829,259,309.017192
-100.0,1,309.01862
-100.0,1,309.019672
-96.853811,274,309.264324
220.834592,274,309.470519
-59.880184,248,309.664131
-100.0,1,309.665459
-44.63622,162,309.78459
-11.34112,187,309.926733
220.574445,267,310.137776
217.90821,322,311.31313
-100.0,1,311.314805
228.22644,348,311.588581
-97.074411,337,311.960328
208.551908,334,312.22509
-31.784731,167,312.345142
175.428488,309,312.613566
-100.0,1,312.614961
205.817967,351,312.893749
204.336777,348,314.068042
-100.0,1,314.069734
-57.450599,183,314.216955
-100.0,1,314.218235
-100.0,1,314.219226
-225.659867,671,314.807181
-294.426307,468,315.330979
-97.661915,329,315.656712
-139.468542,397,316.859763
-100.0,1,316.861284
-63.85792,209,317.029774
-100.0,1,317.031133
237.514004,306,317.260281
-88.633837,278,317.476417
-100.0,1,317.477676
-160.829043,384,317.91015
-100.0,1,317.911535
179.315858,302,318.154406
-100.0,1,318.155959
214.451352,306,318.404923
-100.0,1,318.406414
-119.21176,293,319.533774
-100.0,1,319.535342
-100.0,1,319.536415
-100.0,1,319.53741
-407.680182,674,320.131951
-100.0,1,320.133401
-40.082508,263,320.350551
-100.0,1,320.352113
209.451037,321,320.623215
-117.056435,364,320.962431
-100.0,1,320.963952
214.423482,284,322.083412
-100.0,1,322.084805
183.793154,362,322.444223
-100.0,1,322.445656
-188.07115,498,323.029745
-55.258159,167,323.151465
-100.0,1,323.152713
-100.0,1,323.153762
-100.0,1,323.154757
-100.0,1,323.155777
-100.0,1,323.15679
239.253182,305,323.410538
-100.0,1,323.412182
-100.0,1,323.413349
-100.0,1,323.414393
-45.7269,238,323.599484
213.119684,285,323.829301
-50.541898,215,324.83859
-68.819764,324,325.136492
-56.477049,185,325.275646
-64.959604,360,325.583856
-61.125804,150,325.690714
212.765986,338,325.970111
-116.268771,388,326.364255
-100.0,1,326.365759
-100.0,1,326.366762
-144.378014,467,327.835892
-100.0,1,327.838289
-100.0,1,327.839432
-141.894298,630,328.512358
-100.0,1,328.514009
-100.0,1,328.515066
-100.0,1,328.516041
-100.0,1,328.51698
-100.0,1,328.51802
-205.147878,706,329.371769
-100.0,1,329.373401
-28.532696,262,329.57548
-100.0,1,329.576983
-100.0,1,329.578055
-72.803761,408,330.82958
157.286325,384,331.141172
196.58978,503,331.708332
-97.356471,337,332.07074
-49.441761,304,332.375165
-100.0,1,332.376513
-49.307322,182,332.507002
-100.0,1,332.508384
-100.0,1,332.509484
-100.0,1,332.510471
210.668927,299,333.611099
-100.0,1,333.612663
-71.574869,270,333.864699
-23.523252,192,334.007713
-65.629299,193,334.146716
-100.0,1,334.148081
-100.0,1,334.149105
-48.065932,169,334.273876
-47.564422,183,334.40455
-89.446988,347,334.691962
-229.067061,578,336.139301
181.987127,433,336.541993
244.416093,242,336.716096
-100.0,1,336.717461
-100.0,1,336.718538
-163.557057,766,337.703328
232.156351,288,337.926165
-100.0,1,337.927635
-100.0,1,337.928683
-61.548889,183,338.06724
-100.0,1,338.06849
-100.0,1,338.069459
-19.31108,187,339.055489
233.916309,257,339.243236
-137.225138,387,339.598527
-100.0,1,339.599916
-100.0,1,339.60102
-100.0,1,339.602041
-195.873393,363,339.929908
217.614522,277,340.144239
-100.0,1,340.145546
218.575616,312,340.374974
-100.0,1,340.376304
-100.0,1,340.377345
-100.0,1,340.378308
-100.0,1,340.379278
-100.0,1,340.380328
-100.0,1,340.381336
-100.0,1,340.382266
228.828216,374,341.568882
-100.0,1,341.570351
241.703156,287,341.807064
-100.0,1,341.808508
233.193165,309,342.056335
-172.923625,664,342.881998
-141.90853,391,343.212846
-79.385764,351,344.341836
231.891572,317,344.654123
-56.428288,201,344.815693
-5.291112,210,344.96794
249.281484,264,345.192488
-100.0,1,345.193928
-192.576504,367,345.534917
-100.0,1,345.53628
-100.0,1,345.537307
-100.0,1,345.538341
241.318104,259,345.744821
-100.0,1,345.746187
-58.178781,247,345.981077
-169.1653,365,347.184038
245.214234,289,347.406202
-100.0,1,347.407665
-268.797836,916,348.723295
-100.0,1,348.725195
-1.28934,205,348.872603
-100.0,1,348.873915
-100.0,1,348.874941
-291.062787,673,350.558103
-326.35609,481,351.128148
227.688445,271,351.348783
248.230425,286,351.578345
215.32608,313,351.866997
-78.105641,338,352.140376
-178.34691,465,353.381307
-100.0,1,353.382802
-100.0,1,353.383848
-100.0,1,353.384849
-100.0,1,353.385796
-100.0,1,353.386719
-299.256342,858,354.310715
-100.0,1,354.312493
-100.0,1,354.313568
-100.0,1,354.314578
-100.0,1,354.31559
-75.15226,408,354.725007
-326.519114,1275,357.380859
-208.370538,586,358.02531
219.192066,335,358.306874
-100.0,1,358.308299
-54.604644,354,359.449337
-114.709732,459,359.940222
-100.0,1,359.941841
-100.0,1,359.942974
187.889404,331,360.212532
201.901104,446,360.611068
182.828101,544,361.104072
-100.0,1,361.105608
194.565881,337,362.246576
218.027224,305,362.494196
-100.0,1,362.49574
-100.0,1,362.496787
-167.206981,1009,363.899598
235.527839,327,364.185428
-100.0,1,364.186939
173.66554,672,365.750918
-31.256767,174,365.880225
210.171423,306,366.134968
-100.0,1,366.136462
-100.0,1,366.137502
-100.0,1,366.138469
-100.0,1,366.139451
-100.0,1,366.140371
187.02644,562,366.629116
-100.0,1,366.630738
166.110155,434,367.060991
-85.029749,447,368.356032
-117.827291,454,368.802116
-100.0,1,368.803853
-100.0,1,368.8049
-100.0,1,368.805901
186.211755,372,369.109091
202.635868,341,369.390271
-109.455353,636,371.105923
154.545309,456,371.596941
198.177652,508,372.147723
-235.75148,499,372.697523
-100.0,1,372.699106
-100.0,1,372.700204
-65.15453,613,374.535687
-100.0,1,374.53722
224.863064,302,374.783357
-100.0,1,374.784861
-100.0,1,374.785922
-100.0,1,374.786909
-100.0,1,374.787938
-100.0,1,374.788922
-100.0,1,374.789927
210.921867,326,375.113402
-100.0,1,375.114847
240.503592,278,375.344012
216.42431,339,375.628435
-100.0,1,375.629952
143.994145,442,376.052264
195.039191,483,377.419205
-100.0,1,377.420833
-100.0,1,377.42187
-100.0,1,377.422865
-100.0,1,377.423866
168.936712,529,377.924592
-100.0,1,377.926002
209.866537,337,378.194013
-100.0,1,378.195527
179.437414,323,378.472301
-100.0,1,378.473672
217.722152,321,378.728703
171.15622,765,380.826121
178.994957,610,381.579034
-100.0,1,381.580656
-100.0,1,381.581675
-60.437355,238,381.770366
-100.0,1,381.771822
237.774646,273,381.981793
-100.0,1,381.983143
207.036579,329,382.267513
-100.0,1,382.268919
213.103702,385,383.475594
-100.0,1,383.477097
239.506272,270,383.696941
-184.671734,501,384.227838
245.73554,283,384.474245
-100.0,1,384.475671
199.699028,356,384.836893
195.71613,342,385.116648
249.72546,262,386.159143
-100.0,1,386.162531
-100.0,1,386.163622
-100.0,1,386.164607
206.339552,298,386.402459
-100.0,1,386.40391
168.564459,432,386.815565
216.728805,322,387.102734
-100.0,1,387.104108
-100.0,1,387.105141
-100.0,1,387.106131
198.145354,590,387.785647
-90.998675,700,389.577091
-27.988283,166,389.696037
-100.0,1,389.69729
-100.0,1,389.698352
186.621453,386,390.042379
235.799233,270,390.246673
-100.0,1,390.247971
-100.0,1,390.24904
206.261297,312,390.500583
198.699611,337,390.804591
-100.0,1,390.806112
-100.0,1,390.807164
-29.605261,169,391.782609
-100.0,1,391.783973
210.323234,350,392.087845
195.62451,341,392.370019
-100.0,1,392.371594
-100.0,1,392.372589
230.751262,270,392.586374
184.265658,473,393.041518
-100.0,1,393.043
220.534951,291,393.270646
-100.0,1,393.272148
224.871963,275,394.331554
213.938832,280,394.552474
-100.0,1,394.553824
211.976467,348,394.84985
-32.735468,158,394.964712
214.818291,305,395.211883
-100.0,1,395.213356
-100.0,1,395.214411
212.480699,388,395.535915
-100.0,1,395.537447
-69.718938,684,397.151106
-100.0,1,397.152717
-70.205445,470,397.731465
-100.0,1,397.734904
-100.0,1,397.735918
242.738435,294,397.975981
-366.226498,553,398.453271
244.63502,234,398.620673
-100.0,1,398.621952
181.522097,357,399.759101
-100.0,1,399.760489
217.534927,267,399.963434
218.907079,407,400.32058
206.915197,335,400.596654
-100.0,1,400.600301
-100.0,1,400.60137
256.099709,270,400.798643
-100.0,1,400.799986
225.007205,268,401.012428
-100.0,1,401.013886
193.164741,332,401.2774
-286.881351,802,402.939495
-337.889551,710,403.614023
-100.0,1,403.615535
-100.0,1,403.616525
-100.0,1,403.617466
-83.74245,353,403.953352
-100.0,1,403.954711
242.538971,266,405.015395
-100.0,1,405.016842
-100.0,1,405.017927
-100.0,1,405.018944
221.892899,322,405.298523
-101.157298,283,405.566876
170.437672,320,405.821891
-100.0,1,405.823225
10.927001,187,405.959328
-100.0,1,405.960693
235.048822,286,406.178914
-100.0,1,406.180334
-100.0,1,406.181392
-100.0,1,406.182392
250.82059,242,406.370867
-100.0,1,406.372263
232.6518,247,406.568147
-100.0,1,406.569575
-67.219583,375,407.743953
-43.722337,325,408.079215
-100.0,1,408.08083
188.378547,378,408.476375
230.501444,288,408.699221
217.367934,306,408.936581
198.708515,421,409.353947
211.643897,317,410.46996
-100.0,1,410.471323
224.461682,343,410.756455
194.357402,407,411.100591
232.828348,337,411.415353
-100.0,1,411.416925
236.841678,251,411.620456
198.476348,396,411.955674
-100.0,1,411.957273
243.644273,271,413.006889
225.910615,293,413.237327
212.955445,449,413.78745
184.142387,338,414.092603
-37.752351,192,414.238868
220.661097,336,414.532497
-100.0,1,414.534049
211.876151,281,415.607855
-100.0,1,415.609385
-100.0,1,415.610456
226.163195,343,415.888068
-3.11055,215,416.040629
-100.0,1,416.041917
-100.0,1,416.042946
183.394839,317,416.324642
192.344383,391,416.6436
195.066265,564,417.282961
-100.0,1,417.284599
-100.0,1,417.285628
175.69619,376,418.455869
218.707874,407,418.897207
195.710121,346,419.20149
-6.534046,225,419.365185
225.118607,285,419.582431
207.733442,514,420.166502
-30.914261,248,421.216689
-100.0,1,421.218157
-100.0,1,421.219127
-68.51149,533,421.78794
-100.0,1,421.789441
272.203377,220,421.944857
-100.0,1,421.946251
-100.0,1,421.947282
234.760465,259,422.136562
-100.0,1,422.137994
-100.0,1,422.139012
-100.0,1,422.140012
-100.0,1,422.141008
-100.0,1,422.141954
-305.352367,601,422.69875
-70.533529,272,423.759975
185.162878,432,424.13142
-100.0,1,424.132882
-100.0,1,424.133857
-340.979917,746,424.808944
171.01993,440,425.18968
-100.0,1,425.191312
-100.0,1,425.192443
-100.0,1,425.193464
219.985967,404,426.487488
-10.273956,215,426.648392
-100.0,1,426.64969
241.1273,280,426.85818
203.30105,685,427.922755
205.126903,324,428.18366
273.075417,217,428.337237
-100.0,1,428.338615
-100.0,1,428.339661
226.21715,289,428.567467
-100.0,1,428.568828
31.556844,1992,433.340496
-100.0,1,433.34311
-100.0,1,433.344208
243.261944,251,434.46797
245.876431,241,434.671261
260.864473,242,434.847071
-67.325701,428,435.258584
-162.138272,760,436.242497
230.799412,299,437.375278
-100.0,1,437.376955
202.601878,464,437.811659
-100.0,1,437.81326
-100.0,1,437.814281
222.12002,543,438.359078
216.13008,494,438.846168
257.088913,236,439.022016
246.467977,238,440.063769
-100.0,1,440.065067
-100.0,1,440.066042
251.28587,222,440.240754
-100.0,1,440.241955
-100.0,1,440.242972
-248.830564,707,441.002321
257.494557,236,441.183568
-100.0,1,441.184885
216.087757,547,441.869711
239.560854,280,442.103801
91.024348,1426,444.695872
235.962902,256,444.885454
-100.0,1,444.886935
194.560462,467,446.111464
-100.0,1,446.112847
195.128734,460,446.548572
-100.0,1,446.550072
259.365986,234,446.734481
-100.0,1,446.735817
-100.0,1,446.736864
-100.0,1,446.737949
-100.0,1,446.738887
-79.081945,347,447.065812
260.087515,245,447.271029
-100.0,1,447.272436
-100.0,1,447.273434
273.582552,218,447.436276
-100.0,1,447.437761
225.236056,286,447.666471
223.254598,291,448.747228
259.77719,242,448.923445
-100.0,1,448.924771
-100.0,1,448.925788
-100.0,1,448.926765
-100.0,1,448.927668
268.803874,212,449.078137
208.299785,465,449.529007
227.130106,265,449.738642
-100.0,1,449.740091
209.790372,466,450.212169
-100.0,1,450.21382
-72.062276,544,451.7458
-100.0,1,451.747429
173.97476,613,452.305537
-100.0,1,452.307176
-369.706092,694,453.035832
-100.0,1,453.037297
232.93015,258,453.236529
-100.0,1,453.237988
204.428507,672,454.934778
-100.0,1,454.936787
-100.0,1,454.937774
192.715827,370,455.309518
193.287561,427,455.726736
214.320897,327,455.998532
-100.0,1,456.000075
230.510087,317,456.252872
-100.0,1,456.254152
217.351719,568,457.723262
186.244874,621,458.429069
-100.0,1,458.430892
254.483278,228,458.607518
200.195322,310,458.850583
-100.0,1,458.851911
-100.0,1,458.852966
-100.0,1,458.853945
-100.0,1,458.854924
-100.0,1,458.85596
184.708763,450,459.409232
-100.0,1,459.410766
201.455831,468,460.819784
-100.0,1,460.821323
187.100124,612,461.464791
-100.0,1,461.466527
257.994903,231,461.642789
214.48567,292,461.87554
243.130071,228,462.053344
198.957571,582,463.781374
225.425681,274,464.009424
-100.0,1,464.010725
-100.0,1,464.011725
196.758883,455,464.430421
-312.884089,514,464.884502
177.568001,594,466.464108
-100.0,1,466.46585
228.274895,254,466.658642
-100.0,1,466.660056
249.363462,239,466.841699
-100.0,1,466.843068
193.295414,475,467.295073
208.210411,410,467.688538
-100.0,1,467.690064
-100.0,1,467.691075
-100.0,1,467.69212
-100.0,1,467.693152
-100.0,1,467.694063
197.576822,303,467.946029
-100.0,1,467.947509
186.454745,469,469.276448
201.246607,434,469.710451
-100.0,1,469.712071
182.166154,476,470.125515
247.363178,229,470.295466
196.933645,521,470.859685
-100.0,1,470.861364
-384.616736,669,472.335169
191.714762,384,472.651405
-100.0,1,472.652917
-64.760461,343,472.981693
-100.0,1,472.98318
-100.0,1,472.984164
-100.0,1,472.985097
-100.0,1,472.985976
-100.0,1,472.986889
161.226832,656,473.55477
-100.0,1,473.556289
-100.0,1,473.557342
-100.0,1,473.558357
203.457056,339,474.690937
-71.955292,597,475.364474
212.672519,408,475.745485
-100.0,1,475.74694
-100.0,1,475.747968
-100.628947,541,476.457029
201.547686,657,478.204981
-100.0,1,478.206874
231.513716,295,478.459077
258.212056,225,478.63402
-100.0,1,478.635416
207.037814,485,479.105329
-100.0,1,479.106926
197.779365,330,479.380725
-237.533901,1921,483.225048
-100.0,1,483.227524
-100.0,1,483.228627
207.94215,498,484.712427
225.439991,560,485.374309
204.821263,480,485.83925
215.059639,385,486.20209
203.171843,497,486.673427
198.927376,684,488.176231
209.159648,387,488.548954
247.638499,223,488.708531
-100.0,1,488.709847
-100.0,1,488.710906
-100.0,1,488.711833
239.670028,228,488.881949
241.623466,266,489.105767
-17.202822,185,489.244765
-37.039183,406,490.539578
-100.0,1,490.541204
-100.0,1,490.542219
-100.0,1,490.543241
-100.0,1,490.544208
-100.0,1,490.545155
-100.0,1,490.546146
-100.0,1,490.547159
187.224414,457,490.951175
-100.0,1,490.952641
203.868264,359,491.292665
-100.0,1,491.29411
-100.0,1,491.295171
187.869045,333,491.565846
-100.0,1,491.567238
201.549024,643,493.089319
217.027147,546,493.65201
245.212219,228,493.833055
-100.0,1,493.836624
-100.0,1,493.837656
-100.0,1,493.838664
-100.0,1,493.839681
-100.0,1,493.840682
-100.0,1,493.841618
210.64354,587,494.500257
-100.0,1,494.501948
-100.0,1,494.502994
250.992951,229,494.693519
202.277985,435,495.164698
-23.922205,172,496.142596
240.482318,228,496.322953
224.1738,232,496.500149
-100.0,1,496.501622
198.072395,352,496.80394
216.300098,627,497.528411
-100.0,1,497.530227
200.154661,301,497.757965
216.34877,353,498.937679
-100.0,1,498.939108
206.491296,479,499.400342
-100.0,1,499.401889
-100.0,1,499.402973
-100.0,1,499.403942
203.692986,693,500.555236
-100.0,1,500.556916
259.195482,212,500.712157
-100.0,1,500.713467
186.347023,365,501.047055
-100.0,1,501.048585
217.304221,495,502.577998
197.388163,361,502.874433
226.777345,337,503.166733
-100.0,1,503.168284
-100.0,1,503.169353
-100.0,1,503.170364
185.325779,354,503.486228
-100.0,1,503.48753
237.774934,236,503.668998
-100.0,1,503.670316
-100.0,1,503.671327
201.390947,408,504.883577
-100.0,1,504.884913
-100.0,1,504.885878
219.042543,285,505.120475
-100.0,1,505.121759
-100.0,1,505.122741
209.235429,268,505.315976
-100.0,1,505.317297
217.004742,257,505.527441
248.68808,219,505.681262
-100.0,1,505.682526
-100.0,1,505.683571
-100.0,1,505.684462
-100.0,1,505.685434
211.570111,499,506.290776
-100.0,1,506.292463
-100.0,1,506.293393
-100.0,1,506.294338
-100.0,1,506.295259
-100.0,1,506.296194
-100.0,1,506.297082
-100.0,1,506.298054
-83.281445,306,506.533575
-100.0,1,506.534976
-100.0,1,506.535969
-100.0,1,506.536913
-100.0,1,506.537863
-100.0,1,506.538762
-100.0,1,506.539732
197.71777,523,507.887266
-100.0,1,507.888694
185.01422,310,508.128936
8.182536,169,508.246099
-100.0,1,508.247374
237.558423,450,508.618252
216.741088,344,508.896306
231.095478,332,509.190054
-100.0,1,509.191443
-100.0,1,509.192446
239.567543,240,510.200154
216.490125,456,510.582813
-100.0,1,510.584336
-100.0,1,510.585377
192.517602,297,510.815088
-100.0,1,510.816428
-100.0,1,510.817414
224.019799,430,511.180869
-100.0,1,511.184518
-100.0,1,511.185596
-100.0,1,511.186604
-100.0,1,511.187692
-100.0,1,511.188674
219.134331,244,511.369375
241.858773,263,511.574187
202.19738,454,512.847548
250.906494,205,512.990227
-100.0,1,512.991526
242.037267,474,513.401106
222.716385,366,513.698839
-100.0,1,513.700241
-100.0,1,513.701306
-100.0,1,513.702227
240.407208,226,513.864563
-100.0,1,513.865966
-19.062301,167,513.979719
213.757729,318,515.072249
233.527127,248,515.267351
-100.0,1,515.268644
238.48022,226,515.436542
-100.0,1,515.438035
-100.0,1,515.439039
-100.0,1,515.440001
-100.0,1,515.440884
210.104413,413,515.786443
261.100882,217,515.94701
-100.0,1,515.948283
236.66388,236,516.118092
-100.0,1,516.119287
191.878327,368,516.519975
-100.0,1,516.521317
-100.0,1,516.522359
-100.0,1,516.523305
226.779752,384,517.668431
255.483077,213,517.819532
-100.0,1,517.820811
-100.0,1,517.821853
244.804404,239,518.003392
-100.0,1,518.00469
-100.0,1,518.0057
-100.0,1,518.00667
-100.0,1,518.007657
-100.0,1,518.008589
-125.346038,726,518.845805
260.677576,204,518.993014
-100.0,1,518.994364
-100.0,1,518.995366
-100.0,1,518.996337
-100.0,1,518.99733
-100.0,1,518.998247
-100.0,1,518.999175
-100.0,1,519.000115
218.727977,310,519.249003
232.418431,276,520.294983
258.203035,211,520.450633
-143.469424,965,521.718483
-24.625082,378,522.152805
248.07834,214,522.305203
204.378528,315,523.444661
-100.0,1,523.44606
-100.0,1,523.447052
225.215139,771,524.106289
219.296003,418,524.485593
264.384862,223,524.650929
-37.819366,343,525.001243
-100.0,1,525.002614
204.462416,361,526.211731
232.732477,276,526.430313
-100.0,1,526.431737
-100.0,1,526.432737
-100.0,1,526.433711
213.8836,327,526.708309
225.434507,297,527.012937
-100.0,1,527.014436
-22.120971,461,527.542869
-100.0,1,527.544454
170.1632,378,527.916219
241.783443,235,528.956856
232.443916,311,529.214352
214.602091,323,529.481225
217.895796,448,529.92324
254.849936,216,530.074676
-100.0,1,530.075995
222.279149,252,530.259284
215.358314,360,530.65219
193.777993,308,531.751647
197.081163,349,532.054259
227.694501,255,532.256395
230.790286,264,532.459851
-100.0,1,532.46132
-100.0,1,532.462295
-100.0,1,532.463235
-100.0,1,532.464178
224.524065,418,532.877555
217.303093,274,533.117027
-100.0,1,533.118418
-100.0,1,533.119437
-100.0,1,533.120387
203.338106,358,534.250997
-100.0,1,534.252409
251.848795,216,534.412273
194.568534,373,534.716134
-100.0,1,534.717544
-100.0,1,534.718568
239.550415,258,534.914868
-100.0,1,534.916346
211.13837,438,535.312897
203.359907,450,535.788452
255.910777,234,536.801109
-100.0,1,536.802344
-100.0,1,536.803415
216.144628,346,537.100555
-100.0,1,537.10208
-100.0,1,537.103153
-100.0,1,537.104181
-100.0,1,537.105149
231.086935,460,537.562589
-49.77001,435,538.065117
-100.0,1,538.066643
217.261501,246,538.253098
-100.0,1,538.254476
-100.0,1,538.255515
-100.0,1,538.256453
225.624139,254,538.460276
-100.0,1,538.461654
212.965902,291,539.562434
-100.0,1,539.563895
-100.0,1,539.564947
-100.0,1,539.565907
-100.0,1,539.566923
-100.0,1,539.567942
224.036462,517,540.095782
-100.0,1,540.097512
227.875049,357,540.4138
212.804281,491,540.823589
176.715954,357,541.146918
-100.0,1,541.148246
196.646307,329,542.272327
-100.0,1,542.273803
-100.0,1,542.274821
211.167423,268,542.488456
216.528671,417,542.843276
-100.0,1,542.844807
-100.0,1,542.845803
214.036916,385,543.145762
187.370648,293,543.377052
-100.0,1,543.378505
-100.0,1,543.379557
-100.0,1,543.380564
-100.0,1,543.381549
-100.0,1,543.382473
195.943223,342,543.676586
246.120174,225,543.848852
204.918809,359,545.029517
216.128842,539,545.649073
221.449479,430,546.030664
212.997159,297,546.298534
214.309591,363,546.633024
-100.0,1,546.634483
-100.0,1,546.635562
227.905106,237,547.698631
222.499079,265,547.913886
210.373486,483,548.52033
218.700362,260,548.723687
262.274349,210,548.88418
232.077414,258,549.111494
211.726369,340,549.426296
213.539195,295,550.533157
212.977493,414,550.993563
-100.0,1,550.995106
213.841958,410,551.412412
251.112529,228,551.580209
181.160702,357,551.884432
-100.0,1,551.885851
-100.0,1,551.886907
196.092442,312,552.167181
238.668438,271,553.369556
-100.0,1,553.370971
-100.0,1,553.37199
-100.0,1,553.372969
223.712117,250,553.568791
-100.0,1,553.570226
-100.0,1,553.571294
225.457116,422,553.980544
232.374584,269,554.18986
220.794336,368,554.520859
220.707077,402,554.938279
-100.0,1,554.939713
215.121037,278,556.037211
-100.0,1,556.038746
230.446937,236,556.236504
-100.0,1,556.237865
-100.0,1,556.238883
-100.0,1,556.23989
-100.0,1,556.240925
227.20785,264,556.46784
-100.0,1,556.469485
230.549531,276,556.682832
-100.0,1,556.684165
261.120075,323,556.926578
-100.0,1,556.92803
-100.0,1,556.928991
202.800945,534,557.585407
202.905982,523,558.960357
-100.0,1,558.962027
-100.0,1,558.96309
-66.049251,328,559.295704
-119.675559,1158,560.65826
197.268345,657,562.210831
211.708249,245,562.388296
143.397875,694,563.449458
215.83451,330,563.755972
-100.0,1,563.757547
-100.0,1,563.75867
-100.0,1,563.759726
9.444785,107,563.834958
236.758966,302,564.122911
-54.003125,300,565.287041
237.501247,262,565.480404
2.665135,111,565.556715
-2.130343,115,565.633185
269.211176,441,565.978122
-100.0,1,565.979616
230.023964,240,566.173871
215.752455,431,566.557708
-100.0,1,566.559231
223.466472,369,567.771128
-100.0,1,567.772722
230.116549,386,568.136253
-100.0,1,568.13778
-100.0,1,568.138842
-100.0,1,568.139874
219.086087,473,568.598885
-100.0,1,568.60041
-100.0,1,568.601414
-100.0,1,568.602439
-100.0,1,568.603467
-100.0,1,568.604423
236.864581,291,568.836055
233.795439,257,569.042782
-100.0,1,569.044327
244.386244,217,569.201293
-100.0,1,569.202604
205.077398,453,570.503405
-100.0,1,570.505204
186.663015,304,570.754046
248.584662,242,570.937008
-14.788477,184,571.073029
-100.0,1,571.074363
-60.855811,476,571.696253
256.871883,203,571.845151
225.663448,266,572.06329
204.452975,355,573.20647
-80.364563,312,573.484083
249.145038,226,573.64405
-48.381195,359,573.944962
211.831428,283,574.186126
263.051975,220,574.339748
-100.0,1,574.341024
-100.0,1,574.34201
-100.0,1,574.343033
-53.091923,316,574.630747
-71.751894,407,575.887408
199.186977,337,576.193781
-100.0,1,576.195334
190.598818,337,576.50906
251.137642,341,576.779484
-100.0,1,576.780849
252.498411,287,576.991771
205.431985,512,577.497288
-100.0,1,577.498893
192.397914,528,578.966452
207.922849,315,579.220891
-100.0,1,579.222282
207.910764,335,579.525265
-100.0,1,579.526673
-100.0,1,579.527705
211.141596,298,579.756059
-100.0,1,579.757583
-100.0,1,579.758643
248.170423,229,579.93489
184.784071,393,581.139523
-100.0,1,581.141131
265.080684,198,581.281549
-100.0,1,581.282891
-100.0,1,581.283885
144.226883,600,582.030243
32.40156,111,582.10629
209.805061,267,582.302731
195.244979,364,582.624986
-100.0,1,582.626431
-44.306668,501,584.112224
-100.0,1,584.113839
19.307741,108,584.186985
228.292512,248,584.381322
-100.0,1,584.382692
202.322947,288,584.613382
210.599613,468,585.065022
-100.0,1,585.066475
-100.0,1,585.067538
222.891824,252,585.24993
213.784582,505,585.858229
209.765606,378,586.999613
223.565689,494,587.512565
253.77266,253,587.700687
-57.588021,457,588.177078
-100.0,1,588.178447
220.776389,253,588.375499
227.447828,530,589.806267
-100.0,1,589.807863
226.254627,364,590.180006
9.108751,96,590.245569
-100.0,1,590.246812
194.47137,448,590.668127
-100.0,1,590.669777
222.535166,554,591.246956
-100.0,1,591.248535
188.596384,351,591.600686
-100.0,1,591.602148
181.812638,390,592.797961
-100.0,1,592.799549
-100.0,1,592.80059
16.644758,109,592.875041
-100.0,1,592.87642
-100.0,1,592.877504
-100.0,1,592.878516
260.653204,217,593.044059
205.091476,289,593.285112
-100.0,1,593.286562
228.249447,244,593.463425
203.149704,395,593.82743
-100.0,1,593.828989
-100.0,1,593.830103
220.630278,355,594.115824
-260.857108,701,595.775479
213.133193,558,596.33168
-100.0,1,596.333352
-100.0,1,596.334446
-100.0,1,596.33549
-100.0,1,596.336453
-100.0,1,596.337396
221.217989,289,596.559645
-100.0,1,596.561096
-17.62324,464,597.050601
215.101502,267,598.098142
241.00692,263,598.316396
181.725605,640,599.20528
-100.0,1,599.206974
-100.0,1,599.207988
227.658033,278,599.412615
226.804097,417,599.831462
-100.0,1,599.833044
262.643715,227,599.998175
-100.0,1,599.999652
236.462754,416,601.179142
-100.0,1,601.180633
256.452303,472,601.570083
-100.0,1,601.571521
-100.0,1,601.572625
182.770196,630,602.314482
250.713165,236,602.492937
222.327543,565,603.989411
-100.0,1,603.991429
210.120059,386,604.318282
-14.165606,190,604.456264
221.461061,284,604.691992
-100.0,1,604.693446
219.561517,238,604.870238
-100.0,1,604.871563
-100.0,1,604.872597
-100.0,1,604.873636
-100.0,1,604.874582
227.959164,234,605.055104
270.623226,370,605.399566
244.305939,226,606.417791
231.589289,250,606.602211
213.390141,615,607.219589
-100.0,1,607.221261
-100.0,1,607.22224
249.800521,218,607.370781
-100.0,1,607.372034
-100.0,1,607.373026
-100.0,1,607.373975
-100.0,1,607.374929
-100.0,1,607.375888
-100.0,1,607.376797
231.826286,316,607.628338
-100.0,1,607.629706
269.445604,196,607.765759
222.592354,417,609.020258
-100.0,1,609.021871
272.803986,196,609.159839
254.638317,239,609.337628
-100.0,1,609.338908
-100.0,1,609.339968
220.274893,378,609.680573
-100.0,1,609.682011
-100.0,1,609.683092
-100.0,1,609.684081
-100.0,1,609.685055
234.053755,380,609.999348
197.300583,420,610.402442
-100.0,1,610.404025
-100.0,1,610.405007
224.790173,248,610.604542
-100.0,1,610.605945
200.1907,504,612.102535
204.507174,546,612.60655
-100.0,1,612.608216
198.441468,381,612.918976
208.10277,272,613.144717
228.6589,532,614.639713
172.422638,357,614.959759
227.425644,255,615.156699
212.898619,293,615.398006
-100.0,1,615.399414
14.013165,90,615.461831
202.396788,616,616.082798
198.866619,313,616.33715
191.059154,419,617.619911
-62.465565,385,618.028612
163.402891,437,618.391443
-100.0,1,618.392982
278.74059,200,618.539926
-100.0,1,618.541263
-100.0,1,618.542261
-100.0,1,618.543225
-100.0,1,618.544234
194.126192,377,618.909355
-100.0,1,618.910704
-100.0,1,618.911702
245.458683,231,619.086649
237.451914,291,620.216867
199.924995,611,620.883089
-100.0,1,620.884717
25.225529,85,620.944417
218.817001,586,621.633385
216.165025,415,622.054912
215.339637,335,623.281378
195.229671,325,623.560014
-100.0,1,623.561422
-100.0,1,623.562495
14.044339,94,623.627541
-100.0,1,623.62881
249.369213,237,623.811501
199.002951,421,624.174676
-100.0,1,624.176259
-100.0,1,624.177305
-100.0,1,624.178283
-100.0,1,624.179236
197.844077,313,624.431237
235.088895,264,624.637263
181.528774,394,625.858242
232.173959,300,626.08964
255.045108,242,626.269237
-100.0,1,626.270554
164.376132,311,626.547611
215.27022,576,627.145669
220.931856,240,627.323211
-100.0,1,627.324547
-100.0,1,627.325535
214.603588,314,628.467031
-100.0,1,628.468517
-100.0,1,628.469581
264.263554,208,628.619787
195.837608,354,628.922468
-100.0,1,628.923946
-100.0,1,628.925002
200.280503,433,629.30665
183.209696,726,630.658471
-100.0,1,630.660314
206.483111,403,631.925227
-100.0,1,631.926621
204.110757,302,632.163962
-100.0,1,632.165431
224.014178,687,632.716434
194.416357,476,633.200337
252.81209,224,633.362812
219.081551,343,634.665208
235.194359,245,634.871157
-100.0,1,634.872623
-100.0,1,634.873777
218.784938,331,635.130942
-100.0,1,635.132427
-100.0,1,635.133417
211.897622,320,635.386685
210.240041,381,635.70036
-100.0,1,635.703646
205.304818,283,635.931306
-47.911204,499,637.474771
192.278633,546,637.944355
185.862631,337,638.226761
-100.0,1,638.228252
-100.0,1,638.229253
-100.0,1,638.230178
-100.0,1,638.231161
198.007592,321,638.517623
199.837011,374,638.827749
223.694565,243,639.956683
258.001751,221,640.116374
187.801161,298,640.343131
246.137836,215,640.49918
-100.0,1,640.50065
-100.0,1,640.5017
-100.0,1,640.502655
-100.0,1,640.503695
218.730052,521,640.993614
270.023069,232,641.168685
206.557796,460,641.70016
194.867732,464,643.101306
-68.369547,404,643.50231
-100.0,1,643.503785
-100.0,1,643.50482
190.715793,441,643.993672
201.827533,408,644.410229
-100.0,1,644.411699
206.833646,576,645.856907
207.154127,285,646.083606
215.738769,301,646.341087
-100.0,1,646.342666
170.277636,326,646.60082
-100.0,1,646.602258
248.807802,226,646.776354
-39.516833,295,647.023051
232.061579,275,647.244938
208.617387,271,648.377387
-100.0,1,648.378712
220.517655,273,648.595974
-23.151505,386,649.010185
-100.0,1,649.011798
223.272451,332,649.305553
-100.0,1,649.30721
-100.0,1,649.308252
-100.0,1,649.309218
213.756204,254,649.49456
255.147326,766,651.091228
229.090943,323,651.369494
233.374203,366,651.730451
244.154719,401,652.056051
-4.190091,104,652.128353
-100.0,1,652.129632
-100.0,1,652.130679
206.662987,357,652.466669
215.796736,518,653.941091
208.26495,398,654.385738
242.23758,256,654.584363
-100.0,1,654.585818
207.9824,314,654.853238
-100.0,1,654.854595
260.910602,215,655.01891
-100.0,1,655.020288
-100.0,1,655.021365
203.461185,442,655.400934
-100.0,1,655.40251
221.043391,265,655.609376
-100.0,1,655.610858
-100.0,1,655.611956
258.679633,216,656.656301
-100.0,1,656.657651
-100.0,1,656.658769
199.337633,399,656.992101
-100.0,1,656.993756
-100.0,1,656.99478
-100.0,1,656.995756
202.398057,307,657.291728
-0.523467,97,657.357473
-100.0,1,657.35874
-100.0,1,657.359731
290.326156,186,657.484986
0.345382,122,657.570394
218.219894,279,657.804458
-100.0,1,657.805773
213.198209,356,658.129793
245.204391,226,659.245785
-100.0,1,659.24716
257.858967,238,659.418761
-100.0,1,659.420016
248.18116,232,659.601738
-100.0,1,659.603138
190.291471,340,659.874479
-100.0,1,659.876046
-20.629411,122,659.963207
256.01906,217,660.134898
-100.0,1,660.136321
238.326921,235,660.31885
258.616514,351,660.6149
248.782992,209,661.622538
200.306924,319,661.884889
273.451647,205,662.041342
-100.0,1,662.042607
9.116323,81,662.095116
171.346712,395,662.451748
242.40546,215,662.599979
212.165301,252,662.789424
-100.0,1,662.790819
-100.0,1,662.791827
-100.0,1,662.792776
252.970916,217,662.956284
7.114693,106,663.03056
224.611653,270,664.138656
-100.0,1,664.140161
-100.0,1,664.141176
-100.0,1,664.142155
205.800415,444,664.576625
219.575726,388,664.936827
215.374211,439,665.331528
233.604584,214,665.492436
259.507064,205,665.643588
-100.0,1,665.644883
231.535396,467,666.946891
-100.0,1,666.948423
-100.0,1,666.949456
217.116973,258,667.15862
-100.0,1,667.160127
-100.0,1,667.161149
-100.0,1,667.162089
-100.0,1,667.163044
240.252612,231,667.331717
3.295294,98,667.400704
197.244369,260,667.602684
-100.0,1,667.604169
16.09656,100,667.673819
-100.0,1,667.675165
-100.0,1,667.676205
206.205911,430,668.125141
-100.0,1,668.126708
-100.0,1,668.127761
-100.0,1,668.128729
242.589291,216,668.296548
-100.0,1,668.29784
-40.472605,386,669.531108
182.204588,430,669.945107
-100.0,1,669.946646
14.924457,125,670.039569
-100.0,1,670.040842
232.387317,246,670.237335
229.444611,389,670.62581
13.292566,98,670.702268
-100.0,1,670.703574
-100.0,1,670.704608
252.396803,206,670.851565
269.870753,272,671.081498
242.590738,233,672.153854
-100.0,1,672.155432
218.897945,417,672.534804
-100.0,1,672.536279
-100.0,1,672.537276
-100.0,1,672.538267
-100.0,1,672.539303
-51.379478,382,672.910288
243.90443,202,673.052388
213.121345,356,673.392434
-100.0,1,673.393776
248.971023,194,673.535049
-100.0,1,673.53677
-100.0,1,673.537869
-100.0,1,673.538888
209.808355,404,673.992853
-100.0,1,673.994246
-100.0,1,673.995254
-100.0,1,673.996309
-63.536992,289,675.164211
-100.0,1,675.165717
-100.0,1,675.166811
-100.0,1,675.167922
189.679133,369,675.485531
179.197921,480,676.122611
-100.0,1,676.124324
217.782655,421,676.564518
194.819938,353,676.869738
-100.0,1,676.87122
-100.0,1,676.872322
-100.0,1,676.873269
-100.0,1,676.874218
236.571019,240,677.915751
-100.0,1,677.917161
208.536172,383,678.258363
230.565034,227,678.420698
226.083723,273,678.634562
-100.0,1,678.635923
-100.0,1,678.636921
-100.0,1,678.637917
257.692608,205,678.789649
18.077696,88,678.849836
-100.0,1,678.851058
-100.0,1,678.852085
214.986947,270,679.052227
4.890781,97,679.117114
155.829788,1169,681.73698
226.52665,235,681.907921
193.394479,411,682.350566
-100.0,1,682.351965
-100.0,1,682.353024
231.913749,312,682.633516
-100.0,1,682.634805
218.612363,423,683.887398
205.058239,446,684.25714
200.754843,388,684.605498
-100.0,1,684.607059
-100.0,1,684.60814
235.877119,282,684.863892
223.437872,274,685.090608
-100.0,1,685.092086
-100.0,1,685.093074
247.735436,223,685.250773
222.960177,368,686.444801
-100.0,1,686.454323
-100.0,1,686.455523
242.282399,216,686.609082
-100.0,1,686.610424
-100.0,1,686.611466
247.220103,204,686.754713
231.30649,202,686.898371
-100.0,1,686.899643
-46.253797,295,687.181141
239.935206,226,687.367973
233.726174,214,687.51282
211.352994,330,687.817486
-100.0,1,687.819066
-100.0,1,687.820084
198.988947,264,688.013401
-100.0,1,688.014818
-100.0,1,688.015846
201.316073,397,689.25574
224.507815,490,689.852991
-100.0,1,689.854945
17.550207,83,689.914152
237.775478,392,690.257478
-100.0,1,690.259583
-100.0,1,690.260669
-100.0,1,690.261631
-100.0,1,690.262592
-100.0,1,690.263586
-100.0,1,690.264513
-100.0,1,690.265404
-100.0,1,690.266418
12.550807,113,690.344709
-100.0,1,690.345892
229.234827,441,690.76455
9.400651,103,690.835613
210.149356,338,692.078536
16.969421,99,692.144953
239.232447,428,692.626633
-100.0,1,692.628201
226.498519,493,693.0788
228.355748,302,693.340846
-100.0,1,693.342279
-100.0,1,693.34331
-100.0,1,693.344239
-100.0,1,693.345181
231.015934,263,693.551728
-100.0,1,693.55334
209.475417,363,694.712302
-100.0,1,694.71379
-100.0,1,694.714826
-100.0,1,694.715824
205.802726,404,695.05347
218.400201,295,695.299361
-100.0,1,695.300967
-100.0,1,695.301995
-100.0,1,695.302995
225.826367,441,695.808978
197.458208,329,696.132068
253.685946,283,696.352603
229.409624,456,697.647799
-100.0,1,697.649455
-100.0,1,697.650489
-100.0,1,697.651515
-100.0,1,697.652421
210.504306,501,698.16853
-100.0,1,698.178305
-100.0,1,698.179528
-100.0,1,698.180547
239.117428,216,698.331772
-100.0,1,698.333166
-100.0,1,698.334175
-100.0,1,698.335157
-100.0,1,698.336174
-100.0,1,698.337115
243.625643,215,698.498241
-100.0,1,698.499711
196.200807,425,698.850914
217.639339,478,700.223413
-100.0,1,700.224996
224.613516,318,700.481707
202.614358,272,700.702444
209.48832,257,700.927871
236.943749,228,701.098891
205.415368,292,701.328373
-100.0,1,701.3299
-100.0,1,701.331013
260.708136,196,701.466911
-100.0,1,701.468384
-6.30746,126,701.563918
-100.0,1,701.565157
-100.0,1,701.566228
-100.0,1,701.567161
250.903067,199,701.705433
-100.0,1,701.706797
-100.0,1,701.707887
-100.0,1,701.708843
-100.0,1,701.709818
-100.0,1,701.71078
-100.0,1,701.711738
-100.0,1,701.712672
258.228182,202,702.708985
-100.0,1,702.710311
229.44363,479,703.158099
-100.0,1,703.159661
-100.0,1,703.160663
-100.0,1,703.161576
255.032535,226,703.348463
227.718534,345,703.700208
13.437324,115,703.77977
224.866882,495,704.262681
-100.0,1,704.264409
-100.0,1,704.265471
251.332588,231,705.310851
-100.0,1,705.312558
22.480175,80,705.365191
214.858337,481,705.843704
-100.0,1,705.845461
-100.0,1,705.846498
-100.0,1,705.847473
-100.0,1,705.848432
-100.0,1,705.849437
235.933415,249,706.038865
-20.910985,333,706.328635
-100.0,1,706.33004
-100.0,1,706.331065
-100.0,1,706.332061
246.214811,217,706.508265
-100.0,1,706.509809
-100.0,1,706.510957
-100.0,1,706.511958
229.420373,456,706.956555
