#{"t_start": 1737970466.9452493, "env_id": "LunarLanderTargetPos"}
r,l,t
-151.653031,92,0.839494
-101.791151,4,0.84222
-115.719008,15,0.850619
-139.519632,26,0.864955
-140.960524,42,0.887558
-103.672825,79,0.930209
-113.906694,11,0.936617
-168.231745,77,0.977569
-163.135663,111,1.036626
-71.823598,123,1.101878
-110.475651,5,1.105129
-190.607216,74,1.144667
-100.123203,4,1.147494
-103.873842,9,1.152849
-151.82546,67,1.188442
-106.35391,6,1.192666
-147.577824,64,1.228872
-110.277607,11,1.235368
-118.015937,34,1.253646
-103.382262,5,1.257057
-105.313466,6,1.260911
-264.228224,100,1.316092
-121.560691,28,1.331779
-126.592179,58,1.364092
-106.668009,112,1.425289
-101.155942,8,1.430321
-109.484152,107,1.489156
-102.197882,4,1.492289
-65.63001,125,1.558093
-119.543937,91,1.607423
-174.635342,133,1.677913
-130.632078,35,1.697901
-304.319258,119,1.76015
-60.235176,116,1.821367
-100.529917,7,1.825655
-122.155421,33,1.84318
-105.625228,6,1.847037
-213.216536,82,1.892309
-54.578007,111,2.90591
-119.382868,88,2.952212
-100.623874,4,2.954996
-107.515758,7,2.959354
-105.408825,6,2.963039
-319.680671,113,3.022362
-101.10165,65,3.056834
-98.085293,67,3.092153
-109.359173,7,3.09646
-106.099393,4,3.099457
-293.131987,130,3.168147
-103.449781,3,3.170416
-205.031652,58,3.20098
-108.506929,5,3.204448
-105.164151,65,3.238559
-103.675011,4,3.241372
-102.683049,4,3.244048
-106.318975,7,3.248283
-101.815262,4,3.250935
-111.844918,9,3.256065
-98.794023,12,3.262865
-99.610516,9,3.268121
-107.270162,6,3.271906
-107.272038,5,3.275103
-64.234917,66,3.310315
-195.249963,67,3.344958
-160.936758,71,3.381916
-116.978343,86,3.427982
-208.153434,119,3.490427
-137.082904,100,3.545456
-73.532729,78,3.586832
-104.027412,5,3.590172
-103.647947,4,3.592865
-21.120882,89,3.640173
-100.828063,4,3.643013
-59.227759,73,3.681408
-109.792962,4,3.684214
-101.65571,5,3.687475
-263.375018,104,3.742237
-371.054371,145,3.817893
-98.864332,3,3.820184
-75.102206,96,3.87058
-276.988266,129,3.938428
-115.676372,15,3.946712
-298.273544,98,4.898638
-122.161997,58,4.930162
-59.538107,67,4.965961
-101.549675,6,4.969795
-90.208879,75,5.009575
-108.262224,5,5.012833
-287.547491,94,5.061625
-118.7234,9,5.06698
-176.726756,98,5.118067
-107.232347,7,5.122376
-145.975885,92,5.170383
-119.385719,8,5.175265
-102.324684,4,5.177902
-70.118275,75,5.217872
-106.095615,7,5.222191
-109.424219,9,5.227405
-102.601135,4,5.230153
-229.971189,80,5.271988
-102.052077,3,5.274167
-143.74093,78,5.315224
-102.711542,5,5.318464
-187.282801,93,5.367519
-107.787131,16,5.376539
-234.046023,77,5.416845
-68.190179,69,5.453373
-102.963713,114,5.513093
-108.683679,11,5.519381
-214.792093,101,5.573584
-105.76187,11,5.580019
-125.329911,64,5.616112
-322.479158,94,5.666454
-66.024191,109,5.72413
-376.734485,98,5.774947
-6.007182,124,5.839887
-242.377079,106,5.894116
-308.159377,80,5.936677
-70.684015,67,6.769878
-229.675586,84,6.81512
-108.092242,5,6.818753
-100.016073,5,6.8221
-173.884693,55,6.851291
-65.54088,61,6.884172
-105.131234,6,6.888032
-77.577159,69,6.925279
-106.689,7,6.929592
-100.282478,67,6.965493
-100.593156,6,6.969365
-99.9689,126,7.036497
-99.05198,16,7.045568
-105.001975,11,7.052063
-150.100534,50,7.078587
-82.910028,88,7.125883
-59.702948,84,7.17074
-106.006823,7,7.175043
-97.421758,109,7.233362
-140.248638,91,7.282121
-114.322759,77,7.323531
-105.344604,6,7.327397
-98.711245,6,7.331173
-99.971116,6,7.334848
-98.851436,7,7.33914
-105.648538,5,7.342262
-209.789585,59,7.37335
-102.096235,8,7.378422
-128.537604,65,7.413327
-49.364706,100,7.467247
-91.152339,15,7.475708
-145.341731,70,7.512633
-90.684215,112,7.573928
-84.214485,73,7.613692
-115.016188,69,7.651426
-163.513955,65,7.686658
-225.074895,129,7.756453
-107.081556,7,7.76094
-100.810238,3,7.763155
-326.43002,114,7.824699
-98.650771,4,7.827523
-148.743121,68,8.673334
-88.214408,18,8.683813
-112.160015,70,8.722011
-94.193615,78,8.764597
-142.724483,36,8.784277
-312.533825,101,8.840299
-107.7616,5,8.843786
-52.514189,93,8.894622
-180.408517,117,8.958516
-104.219562,4,8.961397
-214.409278,88,9.00851
-252.395469,111,9.069583
-72.704046,68,9.106716
-100.390766,15,9.115526
-2.351117,121,9.181643
-70.247297,77,9.223407
-114.579036,15,9.232531
-149.975859,100,9.286925
-243.183914,146,9.366422
-361.755222,127,9.435727
-102.95714,5,9.439151
-101.486937,14,9.447277
-115.092874,87,9.495599
-75.178707,68,9.532584
-97.55548,14,9.540632
-101.098997,6,9.544538
-118.442273,32,9.561697
-235.840238,115,9.62274
-103.296016,5,9.626024
-93.218692,87,9.686156
-105.249782,79,9.73409
-222.992796,86,9.781417
-131.927475,68,10.625695
-67.613283,99,10.67848
-109.335519,132,10.748203
-21.127049,90,10.796225
-82.849247,103,10.850723
-181.802779,68,10.886397
-107.285011,5,10.889961
-635.619229,235,11.012474
-118.60973,105,11.06758
-117.017053,40,11.088703
-109.355306,5,11.09219
-107.588841,10,11.097969
-108.317828,11,11.104326
-112.777396,13,11.111677
-100.010406,19,11.12202
-99.181632,8,11.126966
33.997641,76,11.167397
-92.29776,101,11.22029
-26.856654,92,11.269198
-101.465321,131,11.337972
-104.980316,4,11.340642
-104.281982,27,11.354888
-108.797094,9,11.360357
-34.384974,87,11.405739
-110.591369,7,11.410018
-136.264014,23,11.423082
-110.001332,10,11.429098
-104.391145,7,11.433394
-105.776859,4,11.436373
-49.896276,105,11.491433
-181.457347,54,11.519852
-73.161903,143,11.596186
-101.705837,5,11.599525
-104.408863,5,11.602773
-167.921874,126,11.669405
-116.679188,66,12.506392
-96.059778,107,12.563114
-142.696146,64,12.598887
-102.925995,3,12.601501
-101.637146,6,12.605326
-111.290059,12,12.612497
-116.567731,16,12.621647
-124.757907,62,12.656451
-137.430865,130,12.728662
-104.038863,16,12.737952
-65.122824,139,12.813567
-105.258849,5,12.816941
-100.773232,18,12.827066
-55.88128,114,12.88902
-60.188281,116,12.95206
-102.665829,4,12.954965
-132.207991,84,13.000787
-90.154604,147,13.080066
-2041.449276,257,13.220614
-48.501879,93,13.270442
-101.85224,11,13.27693
-40.969661,74,13.31618
-134.678727,100,13.370328
-19.511893,129,13.436922
-67.792452,107,13.492879
-96.349483,19,13.503321
-105.004731,6,13.507196
-66.837276,125,13.577834
-73.337014,134,14.438813
-98.549254,4,14.441892
-190.740794,95,14.491351
-106.166002,5,14.494789
-104.241006,15,14.503081
-105.781785,6,14.506754
-104.879712,95,14.557096
-95.475903,128,14.62324
-49.468646,121,14.686238
-97.922308,90,14.733117
-129.556046,188,14.829941
-69.350935,89,14.876479
-132.825541,97,14.926684
-104.501709,9,14.93192
-98.762587,7,14.936075
-133.491484,107,14.991403
-104.778468,4,14.994043
-46.156155,91,15.041168
-103.000201,150,15.118582
-107.20169,6,15.122287
-108.808936,9,15.127484
-98.54858,5,15.130681
-41.792192,97,15.18103
-64.689123,143,15.25505
-102.707405,4,15.257692
-104.214784,4,15.26037
-22.460372,167,15.347187
-108.525544,5,15.350852
-102.393003,3,15.353023
-95.082132,6,15.356801
-101.846746,6,15.360597
-28.92546,115,15.420276
-98.057044,5,15.423457
-97.785765,6,15.427187
-10.537379,101,15.479674
-56.659289,131,16.339095
-101.875231,4,16.342076
-164.292177,116,16.404498
11.08083,108,16.462838
-162.089028,125,16.527765
-37.488918,140,16.605486
-29.982127,141,16.683196
-94.618247,6,16.687072
-135.019208,32,16.704457
-22.935093,117,16.766926
-188.847985,87,16.812924
-51.504643,156,16.895892
-110.241166,106,16.952105
-101.532365,4,16.95495
-103.482071,6,16.959132
-105.169657,5,16.962345
-60.593377,107,17.018752
-99.500441,124,17.084806
-105.833821,5,17.088096
-40.714272,113,17.147652
-76.492605,94,17.197753
-29.496536,155,17.279789
-56.246527,87,17.325977
-106.119224,8,17.330865
-52.837719,157,18.20761
-103.878926,6,18.211696
-85.818531,83,18.257364
-5.958303,128,18.327145
-115.114104,11,18.333722
-51.827468,143,18.412113
-97.242069,18,18.422423
-19.938758,170,18.515294
-86.064742,98,18.569426
-53.374304,105,18.625471
-36.085019,124,18.691187
-43.308127,154,18.772719
-101.091229,4,18.775566
-100.334973,4,18.778246
-117.7149,27,18.792614
-102.492482,6,18.796308
19.884864,142,18.869263
-88.530316,21,18.880647
-99.777166,9,18.885869
-102.587882,4,18.888574
-11.947647,137,18.95914
19.451332,121,19.03201
5.182927,230,19.151273
35.479638,121,19.213595
-59.663109,110,20.066586
-252.15663,175,20.159257
-103.531252,25,20.173298
-106.634078,8,20.178323
-105.052579,6,20.182179
-16.093929,114,20.242098
-42.954841,153,20.323337
-42.226953,138,20.396256
-9.008177,108,20.453784
-97.572699,29,20.469506
-152.13044,158,20.552476
-136.825336,119,20.615547
-6.848696,79,20.65754
-37.382669,142,20.732722
-101.751844,4,20.735581
-92.913909,160,20.820129
11.953381,89,20.867418
-22.811613,92,20.916548
-108.824595,9,20.921977
-174.917891,53,20.95003
-141.216195,47,20.975672
17.225562,122,21.039984
-101.879889,6,21.043849
-102.478206,7,21.048244
-124.52985,35,21.06682
-104.633997,153,21.147676
-106.348306,6,21.151608
-66.746091,124,22.025458
-98.927238,3,22.02799
-109.249326,173,22.120137
-105.758522,3,22.122392
-92.782578,178,22.216826
-96.598317,10,22.222869
-89.844248,199,22.328616
-101.779572,6,22.332596
15.321457,163,22.419201
-8.940554,117,22.484722
-102.860533,5,22.488369
8.875572,111,22.54877
-105.483332,6,22.553705
-48.599778,141,22.628959
-101.951934,4,22.631873
-107.903002,11,22.638229
-92.823447,10,22.644262
-102.085762,5,22.647631
-109.748205,18,22.657681
-135.973884,176,22.750837
-99.399033,25,22.764504
-128.80426,129,22.832981
-160.222779,136,22.904512
-10.785106,190,23.004103
-104.772383,5,23.007489
-12.657542,100,23.060237
-51.585167,124,23.933228
-102.519288,63,23.968638
-71.361946,206,24.082066
-161.29378,79,24.125429
-74.610373,136,24.201219
16.507232,175,24.297471
-99.729377,4,24.300341
14.580205,258,24.440005
-105.64354,5,24.44348
-91.39173,12,24.451332
-54.522121,124,24.518829
17.788943,132,24.588811
20.306028,134,24.658238
-105.131912,146,24.738714
-105.658631,4,24.74171
-1361.933186,28237,51.530942
-189.894022,92,51.581948
-104.303109,4,51.584843
-98.359512,5,51.588097
-101.517814,6,51.591917
-180.801681,44,51.615335
12.054104,118,51.679019
-93.888185,17,51.688622
-101.82613,6,51.692492
-37.71944,94,51.742486
-22.130875,110,51.800983
-202.920233,52,51.828799
-130.278404,89,51.875685
-99.046335,4,51.878798
-123.888161,11,51.885199
-103.373857,3,51.887408
-226.576005,83,51.931771
-180.991891,93,51.980968
-168.302031,37,52.000814
-186.532733,97,52.844552
-111.85283,10,52.850813
-107.96692,8,52.855826
-177.337102,87,52.904186
-190.824124,79,52.947138
-130.237666,93,52.996345
-103.958524,4,52.99915
-102.189265,6,53.00282
-95.248809,16,53.011591
-136.121944,101,53.065334
-33.508339,78,53.106756
-171.842918,82,53.150516
-95.482436,7,53.154926
11.600062,113,53.21421
-95.379945,8,53.219129
-102.30901,5,53.222352
-180.87695,57,53.252572
-160.849648,97,53.304388
-56.018989,96,53.355759
-116.040399,8,53.360852
-121.248944,53,53.388664
-97.907674,7,53.393278
-142.34683,105,53.448964
-142.728601,84,53.492871
-171.991853,68,53.528783
-199.898974,83,53.574252
-105.56926,7,53.578674
-96.989543,89,53.625744
-103.430215,4,53.628619
-168.797392,87,53.676596
-131.52356,80,53.719147
-169.415017,32,53.73748
-46.520383,77,53.779334
-163.050635,112,53.84007
-107.279251,8,53.84495
-113.701222,11,53.85142
-154.129047,43,53.874955
-166.287841,56,53.90508
-124.72799,82,54.753369
-136.840032,55,54.782773
-14.303924,97,54.834507
-107.456356,19,54.845587
-30.387294,98,54.897879
-103.713516,3,54.900179
-100.815026,5,54.903377
-153.231441,134,54.974943
-97.522957,10,54.981017
-73.616479,102,55.034786
-164.5148,90,55.082536
-109.236155,11,55.089364
-164.94662,85,55.134398
-172.844843,92,55.183903
-104.671804,5,55.187261
-155.422081,79,55.228905
-160.413632,83,55.273572
-113.319789,10,55.279579
-134.112926,21,55.291106
-104.040678,101,55.344519
-102.968136,5,55.347815
-38.341521,93,55.396816
-63.989822,88,55.443855
-201.206314,72,55.48233
-128.030471,99,55.534719
-101.591689,6,55.538521
-177.868631,101,55.59296
16.417961,115,55.655809
-29.393,106,55.713243
1.268885,102,55.768706
-142.075097,56,55.798859
-100.866474,5,55.802165
-84.752024,88,56.653866
-194.069054,72,56.692597
-83.161691,98,56.743739
-103.76036,3,56.74595
-105.941403,7,56.750496
-110.842841,32,56.76751
-101.467068,5,56.770974
-113.775964,96,56.821103
-121.720693,118,56.883344
-22.397276,90,56.931097
-102.327693,80,56.978756
-98.37952,6,56.982593
-143.146952,68,57.017905
-79.460182,75,57.059291
-107.713088,5,57.062502
-138.359498,38,57.082893
-108.249497,14,57.091134
-119.896957,14,57.10049
-3.046881,103,57.171885
-76.297863,111,57.230359
-40.178999,95,57.281046
-105.368869,5,57.284407
-7.468139,103,57.338235
-111.916313,13,57.345618
-17.183518,112,57.407109
-99.61795,9,57.412646
-103.872644,4,57.415433
-100.533659,5,57.418641
-30.530941,94,57.468433
-165.0812,41,57.490458
-94.235784,82,57.533631
-98.496157,4,57.53643
-108.251125,17,57.545727
-177.625643,96,57.597099
-101.649661,3,57.599496
-24.626214,95,57.649244
-127.543427,51,57.676669
-45.855424,86,57.723445
-77.328394,91,58.568501
-99.25478,5,58.572101
-97.721188,109,58.6301
-103.110844,3,58.632486
-4.177785,101,58.686698
-99.3406,5,58.690118
-93.608215,7,58.694412
-101.660621,4,58.697078
36.655024,134,58.768938
-100.021832,5,58.772501
-84.830194,105,58.82804
-133.46019,80,58.870307
-100.635583,4,58.873453
-87.735224,107,58.930098
-93.697483,6,58.933998
-100.479008,3,58.936217
-84.83908,109,58.994427
-85.598888,102,59.048496
-108.117634,8,59.05343
-21.878922,103,59.108215
-101.892915,5,59.111557
-99.337822,7,59.115866
-95.197727,116,59.177472
-107.759283,8,59.182477
-112.960231,12,59.189471
-37.241095,113,59.249431
-105.59238,7,59.253876
-19.911738,96,59.30528
-97.734944,8,59.310306
4.501953,96,59.3624
6.370439,104,59.41971
-45.806331,95,59.471882
-105.192179,4,59.474724
-103.67643,6,59.478582
-102.073439,3,59.480852
-98.713365,9,59.486282
-103.970251,5,59.489815
-104.661079,77,59.532233
-104.387162,5,59.535664
-101.827926,8,59.540637
-61.68913,101,59.595884
-103.214295,6,59.599884
-94.953651,8,59.604882
-99.806783,3,59.607189
-83.791947,86,59.653471
1.882889,89,60.503599
-104.644206,6,60.50781
-110.402878,103,60.562549
-117.463732,19,60.573786
-111.145958,11,60.58033
-81.81505,110,60.638275
-83.966533,124,60.70396
-101.735099,4,60.706814
-94.660984,98,60.757993
-103.802338,9,60.763416
-70.215376,109,60.821516
-14.83936,122,60.885353
-91.702448,13,60.892807
-13.786687,105,60.947668
-113.814053,19,60.958028
-99.836724,4,60.960894
-48.329,88,61.007604
-87.656204,77,61.048213
12.260154,99,61.100664
-81.702423,117,61.161646
-27.338271,116,61.222871
-84.400648,13,61.230309
-131.95304,28,61.245319
-54.390241,117,61.306969
-66.744305,118,61.369509
-123.935489,24,61.383023
-98.528136,122,61.447068
-44.253431,105,61.50264
-110.434955,9,61.508115
-124.903677,16,61.51708
-99.286193,84,62.349748
-141.149173,48,62.37568
-102.384392,8,62.38086
-93.678475,107,62.437009
-79.300109,95,62.487541
-98.729952,4,62.490426
-85.181098,86,62.535774
-92.53483,124,62.60109
-80.61182,119,62.663337
-57.467895,106,62.719358
-95.037915,106,62.774764
-94.886158,104,62.829923
-9.112617,138,62.902014
-88.957764,119,62.964027
-85.437328,125,63.029498
-105.175245,6,63.033316
-100.895751,5,63.036456
-27.633521,120,63.099231
-101.074571,3,63.101486
-117.442958,13,63.108979
-60.667002,116,63.169368
-129.249316,25,63.183502
-62.335955,112,63.24211
-110.681163,9,63.247504
-106.358133,87,63.293733
-73.794684,116,63.356153
-109.823769,12,63.363323
-103.434489,5,63.366613
-54.95282,94,63.417505
-49.735963,121,64.294174
-33.106225,118,64.358774
-52.202883,104,64.416895
-56.423484,107,64.475239
-100.598305,3,64.4776
-37.251212,103,64.533872
-93.913375,96,64.58716
-42.397573,92,64.636772
-88.91742,12,64.643927
-32.21176,112,64.704075
-92.076228,16,64.7132
23.870044,124,64.778945
-93.924295,6,64.782802
-99.946408,4,64.785892
-76.241693,98,64.83793
0.048314,119,64.901078
17.789918,106,64.957207
-116.175567,18,64.967313
-7.497828,108,65.025132
-100.528786,7,65.029566
-51.399043,131,65.09848
13.887722,125,65.164433
-127.035306,17,65.17418
-76.571682,112,65.233996
-117.455921,19,65.24467
-64.132158,104,65.300233
-100.064697,4,65.303103
-31.519602,126,66.171543
-32.660727,141,66.247573
-82.119725,112,66.308547
-91.56249,9,66.31393
20.262113,151,66.397817
-31.72175,142,66.471891
-102.153831,5,66.475188
-10.438177,143,66.552655
-83.192531,95,66.602697
-97.083067,4,66.605655
-109.037027,89,66.652221
-103.493714,5,66.655523
-98.183314,4,66.658215
-60.706525,126,66.724407
-99.610102,3,66.726719
-59.449179,131,66.798367
-13.90081,141,66.874236
-25.61964,129,66.943758
-104.760756,4,66.946529
-99.32627,3,66.948718
-100.044536,4,66.951462
-5.578195,112,67.011842
-6.654457,132,67.082205
-100.839504,5,67.085619
-91.276284,9,67.09099
20.383286,119,67.154551
-11.846362,127,67.222834
32.579374,167,68.123338
-121.375723,15,68.131953
2.954593,136,68.203372
-43.122731,134,68.273318
-25.94784,141,68.347172
-8.008727,139,68.420042
-42.547809,133,68.489225
-56.569196,131,68.557782
-105.082611,18,68.567766
-59.556106,102,68.621546
-983.09037,299,68.776725
-90.554928,9,68.782227
-99.918527,3,68.784465
-101.361504,7,68.788608
-40.368382,133,68.857854
15.345919,151,68.93662
-82.04552,106,68.991817
-116.833896,24,69.005145
-56.98321,124,69.069707
37.446735,153,69.947988
8.692257,138,70.021621
18.618625,166,70.109406
-96.098368,6,70.11332
9.123607,151,70.192856
-111.292984,12,70.199651
-36.019358,127,70.267586
-62.252041,122,70.332679
-130.373197,15,70.341312
-102.314147,8,70.346236
-97.995753,5,70.349502
-96.541228,12,70.356399
-102.634132,4,70.359156
21.627271,174,70.451285
-9.350447,131,70.522065
19.147564,157,70.607219
-75.315976,125,70.675389
-102.666307,5,70.678871
-112.124588,17,70.68857
30.738375,186,70.78901
-101.314116,24,70.802743
18.52889,180,70.900415
-86.696906,130,70.971419
-99.05487,5,70.974744
0.759005,157,71.851761
-106.693441,7,71.856098
49.910441,183,71.952569
34.411745,181,72.047517
20.222399,204,72.154294
-95.462081,7,72.158651
-37.836018,144,72.235208
-17.88239,171,72.326833
-45.228779,168,72.416307
-106.17564,151,72.496227
-98.82999,4,72.499026
-101.443323,5,72.502274
-103.329507,5,72.505482
-108.67648,8,72.510353
-52.796021,132,72.582864
66.206729,187,72.686638
-22.228154,176,72.779327
9.789911,156,72.86154
-98.268873,141,73.728945
26.714972,210,73.841755
14.420758,212,73.95534
22.210273,207,74.066157
-53.395381,131,74.136593
-97.48063,34,74.155331
52.46892,170,74.246797
-101.683696,6,74.250709
-75.826982,115,74.312886
-100.768113,4,74.315691
-100.173944,5,74.318983
-100.574299,4,74.321733
32.881322,198,74.428164
-107.509729,8,74.433141
-73.791726,138,74.506999
13.316941,159,74.592873
-100.187809,6,74.59681
-96.890043,6,74.600542
-97.35468,7,74.604824
-101.435174,3,74.60707
-97.990842,7,74.611311
-41.551485,159,74.696759
-47.30337,154,74.779072
-28.458456,162,75.664019
-88.104662,13,75.671757
-82.259948,13,75.679243
-93.808271,9,75.684664
-96.697302,23,75.705776
-98.553444,4,75.70853
-109.308425,13,75.715975
11.891275,185,75.817185
35.644404,192,75.921521
-100.626363,6,75.925539
32.587339,164,76.01467
-129.347892,39,76.036382
-29.172152,149,76.116921
-27.858927,156,76.201714
-101.703104,7,76.206249
-76.618091,179,76.302969
32.444281,192,76.406466
-100.352459,5,76.409817
2.202211,193,76.514636
-32.639227,146,76.594178
11.818113,159,76.681243
18.182075,179,77.584631
-78.74714,156,77.666915
-97.744627,6,77.670631
45.586403,197,77.77345
-5.427879,264,77.911468
267.627229,306,78.075111
-101.968511,4,78.078101
228.775432,1349,79.631806
-117.69855,13,79.639867
-98.437037,5,79.643285
-111.264117,12,79.65067
2.896598,207,79.761099
-100.746905,11,79.767662
31.624157,224,79.887313
-91.766107,7,79.891792
-94.277095,6,79.895542
-97.413793,4,79.898236
-11.938332,196,80.003098
-9.752087,161,80.089378
11.262849,231,80.212131
33.713118,248,80.343932
-323.180823,329,80.517793
-98.18776,8,80.522762
25.904291,241,81.443687
-98.307488,4,81.446477
-468.632824,388,81.649057
6.281053,205,81.757257
41.810646,255,81.889973
60.98388,257,82.023952
11.216654,248,82.15312
-23.662816,161,82.237717
-95.219488,6,82.241541
-65.202806,167,82.329013
43.131125,190,82.428358
25.40057,233,83.350263
-95.830022,7,83.354662
-87.740253,161,83.439886
-6.765369,238,83.568353
-99.842281,7,83.572713
-129.974489,38,83.592841
-96.486295,6,83.596719
-1267.866063,964,84.090908
17.555212,336,84.26728
249.558482,751,85.472989
-101.033183,6,85.477272
-1.541996,317,85.649871
-93.50315,6,85.653898
13.941666,352,85.847692
-21.709483,354,86.039789
6.219706,316,86.211092
-919.006152,907,87.537422
25.085055,217,87.655116
-163.64604,499,87.91627
-94.348382,9,87.921997
243.699815,330,88.096833
25.867655,293,89.07884
-102.194778,4,89.08203
-222.597729,332,89.261698
-100.50412,3,89.264228
-89.795129,24,89.277564
4.641518,325,89.453812
208.316672,441,89.695407
-185.123405,456,89.938388
-183.722645,474,91.021667
-83.183235,15,91.030457
201.655286,411,91.250792
-99.707816,4,91.253706
45.799675,348,91.438595
-122.31065,565,91.740125
-1.735199,320,91.911283
-101.328532,3,91.913604
-27.806994,282,92.900766
-37.943069,256,93.041476
-105.338701,9,93.047335
-94.038051,8,93.053185
-11.122611,338,93.234385
-102.802012,4,93.237437
-102.362513,3,93.239665
35.414123,331,93.414243
-151.639416,573,93.716165
-100.053261,6,93.720348
-119.176382,608,94.873374
13.981099,262,95.012837
-1330.692561,1102,95.597025
-98.57433,4,95.599835
210.252171,388,95.809907
27.506048,230,96.777924
-5.358664,229,96.903693
-117.27198,27,96.919343
4.454786,251,97.056221
-282.556878,848,97.51473
-17.917662,274,97.661382
-589.912959,499,98.741068
219.278396,471,98.996379
-99.855725,7,99.000866
-82.46947,21,99.012246
-86.289202,10,99.018229
-15.068409,286,99.16837
27.048559,276,99.312459
6.476736,274,99.457408
-87.658255,9,99.462823
-100.211215,5,99.466158
-102.379936,5,99.469409
233.096422,409,99.690227
-87.270299,19,99.701213
-101.220645,3,99.70365
-92.832489,18,99.713822
227.800883,375,100.759814
-96.977213,7,100.764517
199.330773,392,100.971846
-89.8919,8,100.977031
34.189224,273,101.120389
196.461688,529,101.410566
-109.575901,29,101.426833
-101.351478,3,101.429395
-100.769689,6,101.433343
-4.454247,297,101.597133
-11.053517,315,102.57365
26.218615,312,102.758934
239.094464,412,102.982578
-102.092319,5,102.985979
-100.197827,3,102.988228
260.951549,338,103.170468
-18.107794,383,103.38002
245.627719,411,103.603162
13.082254,272,104.57667
-83.893567,20,104.587871
-101.162174,10,104.593959
-100.292918,4,104.596744
50.775084,238,104.721158
-105.265749,8,104.726012
36.122113,288,104.877296
212.23241,454,105.119621
-111.544516,18,105.12998
226.688876,536,105.41913
235.579443,406,106.448903
-101.321803,4,106.451965
219.496161,509,106.73057
-101.82355,4,106.733764
7.433499,318,106.901134
71.40952,315,107.065734
35.460319,268,107.206644
236.879193,500,108.290493
17.240833,346,108.474016
-96.876306,8,108.479094
-90.738738,7,108.48349
-9.600006,386,108.690977
-705.464269,1317,110.188683
26.467077,361,110.37865
-102.341396,5,110.382026
-100.511143,9,110.387296
195.644854,594,110.709363
213.685208,426,110.93577
207.898766,434,111.169398
-100.542162,5,111.173102
-100.971585,29,111.188965
-147.24873,811,112.424903
-69.082853,229,112.54668
-34.830274,362,112.748222
-114.558558,726,113.12782
-20.011536,408,114.153783
-99.29654,5,114.157389
22.554375,343,114.341494
169.670931,411,114.567654
-103.147574,534,114.855785
26.32707,361,115.050752
-102.315929,7,115.055331
-98.573019,6,115.059221
226.064407,466,116.130141
-100.507358,6,116.134124
-12.648148,374,116.336163
30.386185,342,116.519967
-7.653867,368,116.717991
-98.806144,7,116.722589
-91.581129,7,116.726956
-81.886165,27,116.74208
-3.905713,297,116.900352
191.520349,473,117.993962
-75.77829,19,118.004701
-88.56362,9,118.01018
209.412114,431,118.241465
-105.160738,17,118.251288
-96.445134,6,118.255248
-85.8154,613,118.57895
206.519134,473,118.84008
-88.872304,17,118.850072
-97.313115,4,118.85303
237.274073,415,119.879798
34.635729,347,120.064178
-100.752147,4,120.06707
233.625115,400,120.281789
-99.253441,6,120.285837
-101.348126,3,120.288014
190.022339,526,120.576832
-96.921779,5,120.580228
-22.597356,324,120.7525
-101.569284,4,120.755352
-564.84584,1023,122.058605
-653.387979,1156,122.670189
-65.48952,480,123.710375
17.351412,371,123.90569
194.238868,472,124.159027
-97.592022,532,124.441
-98.513198,4,124.443835
-82.233096,18,124.453939
-97.217249,4,124.457091
-91.85836,6,124.460904
-80.180472,16,124.469825
-93.482186,625,125.582962
1.514456,312,125.747963
-102.87053,9,125.753391
-96.625436,5,125.756616
187.185592,447,125.998248
7.681039,327,126.172189
-544.427748,1189,127.566415
-641.652761,1426,129.081272
-576.203601,1476,129.830663
-1.444192,342,130.005851
-103.376245,14,130.013699
-568.265886,1764,131.702658
-82.524877,13,131.710683
-95.672724,7,131.714834
-28.405711,389,131.914822
-613.795832,1976,133.738997
-97.819141,4,133.742132
-156.572997,754,134.911021
-95.583416,5,134.91468
-105.316173,21,134.925828
-97.925072,4,134.92855
-155.046849,683,135.275553
-99.02522,7,135.279913
196.500586,532,135.553859
-98.059224,6,135.557629
-100.793289,8,135.562232
-130.724283,44,135.584855
-99.615437,5,135.588102
173.06308,637,136.704137
-171.901539,852,137.154493
185.577099,483,137.413111
-51.468461,460,138.457011
-193.767058,941,138.943078
-100.67472,8,138.948122
-93.21721,10,138.953871
-729.454817,481,139.20107
-94.125912,540,140.257901
-114.918117,561,140.551141
-99.934411,4,140.554001
-95.183658,8,140.558773
-20.33943,462,140.797308
-60.603323,402,141.004156
-394.41091,1167,142.398941
-98.828307,7,142.403589
-95.943818,10,142.409361
-186.461294,900,142.874891
166.299127,793,144.07155
174.424596,589,144.372791
-111.083043,40,144.393627
-92.99207,16,144.402369
-165.635415,811,144.831167
-100.778202,6,144.835243
-97.791733,4,144.837894
-95.308219,6,144.84158
157.268238,696,146.003329
-99.973663,5,146.006721
161.035834,690,146.375315
196.746406,552,146.673625
-101.810021,4,146.676529
-98.422452,4,146.679237
-93.155615,6,146.683389
-164.630985,917,147.954998
-3.709377,522,148.220822
-229.662778,1191,149.621625
-95.9396,6,149.625705
-726.697141,549,149.909138
-93.29457,6,149.913068
-100.534669,16,149.921761
24.099473,446,150.150069
-95.881595,5,150.153462
16.583243,436,150.377198
7.634,426,151.375589
-97.957309,7,151.379972
-96.186581,5,151.383163
16.414424,501,151.644958
-95.958914,7,151.649362
-581.832022,647,151.991894
-95.513676,5,151.995331
-31.960313,477,152.24631
42.247989,490,153.289643
-115.309845,23,153.30207
-99.589274,3,153.304534
-24.686938,476,153.559834
-98.439211,6,153.563986
-99.247591,6,153.567796
-111.902849,30,153.584683
-82.789972,62,153.618048
188.205983,631,153.948862
-100.035089,6,153.952842
-100.406838,5,153.956016
-96.060998,5,153.959063
-84.787845,9,153.964061
177.99278,585,155.064646
-88.029448,10,155.07092
-82.609468,15,155.079386
186.617546,610,155.402409
-673.653073,600,155.723674
144.476362,622,156.056757
-98.957755,5,156.060244
-217.747919,1258,157.529264
-95.592431,6,157.533368
-84.302374,19,157.544023
-99.966477,10,157.550127
-95.304234,5,157.553493
-189.518611,1035,158.879193
-199.030169,1200,159.491336
175.671268,796,160.705093
-135.568763,945,161.190223
-576.443748,3635,164.647548
-101.758868,4,164.65189
146.931988,572,164.953685
-924.228906,5200,170.031196
-94.258966,11,170.038795
158.095814,610,170.350629
151.31756,663,170.695456
-48.842109,472,170.939014
160.30701,701,172.092441
-99.711595,4,172.095308
1.159176,519,172.364397
-100.149083,16,172.37345
-101.809928,3,172.375636
-100.748264,5,172.37869
169.098492,642,172.715967
164.70412,870,173.955877
163.639217,645,174.289449
-96.80654,6,174.293406
-101.187481,4,174.296009
-34.577252,534,174.570474
-9842.65131,1058,175.908531
-99.363847,16,175.917684
-100.217802,6,175.92147
-673.199968,4250,179.712419
-99.848671,6,179.716536
-91.934865,12,179.723232
140.952048,716,180.099004
122.021931,797,181.295524
144.400798,781,181.709285
-100.156259,4,181.712195
-99.140492,5,181.715417
-108.238171,1051,183.03239
-98.446003,10,183.038393
-45.790381,587,183.339053
-97.615754,6,183.343029
-95.278124,7,183.347128
175.167766,701,183.714595
-76.563686,14,183.722416
-43.590201,935,184.98459
97.251213,1015,185.512351
3.827725,556,186.572768
-19.711133,821,186.990604
140.046967,784,187.39158
144.508716,819,188.589357
-95.311649,5,188.592701
-101.785205,1109,189.162639
105.640153,826,190.369663
-99.563367,4,190.372654
-99.345085,3,190.374823
-138.5582,1288,191.052066
-526.570593,3552,194.480393
-96.140047,9,194.485946
-106.364059,19,194.499129
-98.942101,1189,195.888036
-659.044525,23380,217.182515
117.697907,547,217.4731
202.086009,582,218.5725
-221.009881,6167,224.181153
193.636727,532,224.466553
-96.387081,9,224.472086
-102.515084,5,224.475356
-96.6568,9,224.480808
-96.632221,7,224.48514
-96.675018,12,224.49193
-55.856745,745,224.88729
-115.31466,793,226.098231
-98.604823,4,226.101124
209.364664,525,226.376258
189.082501,766,226.782334
20.023687,1766,228.469656
-96.53463,5,228.473584
-98.823183,8,228.478217
-93.573943,6,228.48188
-82.44226,12,228.488432
-120.680528,22214,249.2318
45.385442,376,249.44284
176.089746,401,249.663166
210.279532,397,250.64998
246.29694,584,250.952003
-97.090663,5,250.9554
199.794843,389,251.153498
-98.645648,5,251.156817
-97.39975,7,251.16098
-94.012983,8,251.165486
213.469125,439,251.391521
-69.59906,19974,270.302175
155.391046,4398,274.236806
255.254784,507,274.501486
-99.441705,12,274.508453
-99.835619,4,274.51116
-101.080782,4,274.513709
-101.710158,275,275.598646
-97.06352,8,275.603672
-91.350679,7,275.607991
217.845507,2049,277.527949
188.161753,2654,279.754022
-97.978429,4,279.757022
239.182189,392,279.957207
-95.024966,18,279.96734
96.540508,5659,285.439072
217.026538,383,285.644611
-117.916543,24,285.65803
-114.589379,293,285.813939
-100.465802,3,285.816236
-98.032458,5,285.819506
244.2047,634,286.160473
-92.365033,267,287.094221
-81.06469,47,287.119828
-85.955421,9,287.125296
-98.250397,4,287.128052
268.261732,831,287.585611
-100.312805,8,287.590674
-100.608104,4,287.593379
-91.587701,9,287.598497
216.320663,410,287.811389
192.557203,351,287.991877
-106.524577,13,287.999339
197.42156,376,289.000136
-84.535456,12,289.007288
-98.99023,4,289.009951
-100.758308,8,289.014578
-98.852141,4,289.017224
147.155187,4937,293.337402
-101.656667,5,293.34145
206.267936,391,293.543303
-79.245644,12,293.55021
-95.519384,6,293.553917
-89.495865,10,293.559516
215.155074,388,293.764882
213.275248,348,294.740946
223.303544,372,294.936292
90.548881,7243,301.217417
-118.727183,20,301.230597
-92.885139,10,301.236398
-121.581166,279,301.380241
226.56479,401,302.39414
223.931538,387,302.597816
-99.254042,5,302.60124
-79.283646,14,302.609
179.920538,1024,303.152398
228.056061,375,304.129385
201.269284,1054,304.688928
-97.664891,8,304.694013
41.900849,377,304.886465
-94.907208,4,304.889207
-98.555221,6,304.892874
153.628355,405,305.101484
-96.712302,5,305.104735
-101.671317,4,305.107366
-97.503186,6,305.110956
-69.928511,323,306.064354
49.510942,276,306.215161
-94.204921,10,306.220939
166.538784,8617,314.185234
-98.088142,5,314.189239
203.234262,387,314.395154
-77.617773,26,314.409762
241.711922,342,314.59066
192.64661,356,315.568056
-87.572682,12,315.575105
236.096453,398,315.78778
-96.111017,7,315.792186
-129.017914,271,315.932098
-95.026611,11,315.938281
-87.017443,42,315.960173
-99.381221,4,315.962858
-98.814071,5,315.965927
194.02243,3894,319.680269
199.676143,352,319.870858
-98.454831,4,319.873972
-99.618265,4,319.876703
-100.922208,286,320.029794
194.467284,365,320.222279
203.583206,2602,323.215203
174.6088,471,323.468131
-98.78057,5,323.47154
-97.112029,6,323.47533
58.938179,321,323.644617
-101.293019,3,323.646855
233.113929,345,323.830657
-102.407086,5,323.834116
-95.749124,19,323.84515
-100.446535,4,323.847922
-110.253867,16,323.856944
-71.926549,29,323.872693
203.416631,359,324.063741
-97.504093,12,324.070803
-94.861033,6,324.07455
-95.143807,8,324.079249
170.063974,361,325.064727
-102.4426,3,325.06704
-100.11984,4,325.0697
-105.357256,10,325.075493
172.90911,467,325.324672
244.188006,402,325.540526
216.152752,2535,327.687829
-96.915171,7,327.693096
-96.385443,7,327.697218
163.984054,979,328.989411
-95.035581,11,328.995702
153.611585,3469,331.638433
-94.457695,7,331.643631
-99.227837,4,331.646376
-99.554696,7,331.650706
64.000498,239,331.777064
-98.44666,5,331.78024
241.617781,459,332.809481
-99.196774,8,332.814252
-99.685785,5,332.81735
-0.179517,295,332.968486
-99.367608,5,332.971728
-95.699877,7,332.975883
-97.83104,9,332.981231
-97.582746,4,332.983885
-98.163711,6,332.98747
-122.810861,263,333.122475
-97.440564,6,333.126218
-95.959965,6,333.129783
230.893664,365,333.316753
213.434633,385,333.518095
-107.098182,264,334.443672
247.939821,334,334.616365
-103.37447,51,334.642931
240.423803,354,334.828303
-99.409532,4,334.831061
-94.766955,6,334.834732
-78.053881,25,334.848051
-87.813417,261,334.983146
221.077571,374,335.176783
254.502542,421,335.397333
238.251249,360,336.38432
152.847472,920,336.859413
-71.361073,33,336.876998
-74.539724,818,337.296635
180.638957,391,338.282306
-96.579201,5,338.285699
103.348758,12762,350.087806
215.747064,336,350.261716
-100.397757,5,350.265078
-98.37127,5,350.268239
-86.023425,74,350.307071
43.980393,240,350.433667
-110.961922,24,350.44672
-106.99923,19,350.457259
-64.778787,66,350.492235
-100.380229,7,350.496657
-100.549553,7,350.500787
237.338236,389,350.706614
250.96605,391,351.708768
30.302371,287,351.85934
35.332138,333,352.033591
-100.993623,4,352.036414
188.923187,327,352.211357
-87.933382,254,352.344375
-100.737894,3,352.346623
-73.586653,243,352.477074
195.936387,340,353.448368
-96.483622,7,353.452763
-105.23124,16,353.461886
245.249403,419,353.685428
-101.395823,4,353.688179
210.821822,332,353.859687
-60.855958,250,353.988893
-97.950448,4,353.991595
-67.091819,155,354.070885
166.499538,5014,359.183029
199.903676,371,359.381643
-111.489142,19,359.392757
240.741075,319,359.563614
27.966732,336,359.739326
150.395883,6393,365.625786
-100.710889,45,365.65175
-100.822113,4,365.654536
-105.555002,11,365.661152
-103.75119,26,365.675298
-110.062895,37,365.695774
-55.608971,222,365.815175
-101.025235,3,365.817413
-98.391514,5,365.820575
-100.619878,22,365.832486
-98.733624,12,365.839242
202.479669,395,366.853247
-98.58969,4,366.856352
-113.186724,20,366.867414
281.484219,354,367.056549
236.479088,324,367.231344
239.220743,341,367.414943
208.157611,329,367.59047
-99.227903,4,367.593293
-94.704243,7,367.597597
239.078445,308,367.760557
178.511834,6955,374.738056
-92.742699,6,374.743233
-76.85266,16,374.751999
185.440738,2600,376.933096
238.901824,326,377.103656
245.864187,480,377.358515
237.65108,339,378.323114
187.888898,331,378.503145
269.969936,294,378.659619
-98.165848,5,378.662891
-102.652773,6,378.666593
-109.784468,22,378.678533
227.07159,370,378.869852
267.264927,397,379.075794
263.143443,405,380.079802
-99.148663,5,380.083298
198.328021,279,380.230684
-98.768718,6,380.234621
-100.360923,8,380.239228
-91.951929,13,380.246458
254.289608,399,380.470719
-87.324196,12,380.477772
-78.733611,19,380.488365
-102.204689,10,380.494141
205.514728,690,380.854467
-103.095948,4,380.857258
-110.977837,33,380.874889
-101.061403,4,380.877644
-110.474444,209,380.98762
-109.727607,14,380.995466
244.583306,317,381.162405
227.694536,361,382.140516
-74.571904,207,382.249243
25.223281,221,382.366108
-98.402956,3,382.368362
-83.703814,209,382.476941
203.705572,285,382.627806
-116.384392,24,382.641042
-80.977762,205,382.750567
-101.563019,4,382.753301
242.029726,626,383.871917
-101.16802,4,383.874815
-100.425826,5,383.877983
243.418884,311,384.042758
-92.19945,221,384.160189
-100.283526,4,384.163022
-99.251433,5,384.166242
-83.737761,12,384.172993
-72.192581,207,384.282225
-3910.703949,477,384.537808
217.778377,345,384.721272
264.114725,310,384.882326
226.04097,325,385.840871
-105.906076,10,385.846588
-101.233175,4,385.849254
247.928948,286,385.99651
-92.597143,10,386.002472
19.813398,224,386.117266
-101.252434,4,386.119934
244.720036,349,386.299115
-120.097886,26,386.313298
48.158862,228,386.430253
230.351793,272,386.570312
245.649753,434,387.581043
-85.912499,40,387.602178
-98.181594,8,387.607168
-100.395512,5,387.610668
261.771481,295,387.763106
-101.873884,3,387.765442
-102.785229,3,387.767492
-97.250189,8,387.772009
201.615181,316,387.93534
229.276102,327,388.103144
221.035392,272,388.24248
191.572714,505,388.504918
-99.144676,4,388.507742
-95.661098,8,388.512595
43.072244,222,389.402037
245.689488,328,389.574195
218.093146,311,389.743024
-102.158954,3,389.74524
203.064873,292,389.89854
-94.761601,9,389.903978
-97.796554,7,389.908123
-93.063332,7,389.912176
-99.331809,4,389.91474
235.712116,332,390.086307
-101.212868,5,390.089529
247.804907,307,390.248996
264.893145,332,390.422051
-98.281715,5,390.425349
243.698842,299,391.361129
-103.365418,5,391.364443
217.697115,315,391.530732
-100.091734,5,391.533966
62.097673,245,391.662216
264.710765,417,391.882332
15.596819,245,392.008487
-101.11337,4,392.011205
205.359185,297,392.164839
-100.060623,4,392.167609
200.39302,278,392.310409
262.048789,317,393.258744
-100.679233,6,393.262517
236.438982,312,393.429184
-70.953874,682,393.792387
-98.342606,4,393.79513
-96.597098,16,393.803861
-100.662033,5,393.806983
-103.722508,6,393.81057
-106.683748,10,393.816162
255.815587,299,393.970606
-101.137619,3,393.972871
214.462995,304,394.129184
-105.302116,9,394.134452
263.230406,308,395.087401
43.225876,215,395.20083
241.384873,288,395.353123
241.811573,313,395.520902
242.697576,315,395.68694
-101.468436,3,395.68915
35.667231,263,395.826293
241.903251,288,395.9823
196.891499,365,396.975177
-99.978089,7,396.979488
229.699521,313,397.14458
236.869455,330,397.319242
-101.364554,6,397.323127
-96.033658,6,397.326783
226.647219,483,397.58675
8.747013,219,397.704312
227.522814,275,397.848319
235.627285,286,398.790235
-104.150367,6,398.793969
239.464933,501,399.059156
-109.499186,14,399.067176
231.026212,423,399.290685
232.484044,375,399.490609
9.84926,248,399.621105
-13866.782362,904,400.897457
-101.793918,6,400.901337
-99.714472,5,400.904389
228.001841,312,401.065488
254.649687,312,401.22673
192.461414,772,401.627906
-85.765618,13,401.635573
-102.334163,5,401.638783
-102.527356,6,401.642489
255.213782,305,402.586478
242.683828,316,402.751627
-1.798839,236,402.873642
-101.074734,5,402.876786
244.485004,378,403.076059
35.149524,225,403.195304
249.530205,422,403.416675
186.736555,317,404.36419
-101.21012,8,404.368814
-97.679331,3,404.370857
-102.274692,4,404.373304
-96.800582,12,404.379675
10.524278,224,404.49454
-99.039047,4,404.497253
-95.402948,5,404.500408
-99.840155,5,404.503451
250.87223,312,404.668355
-91.534465,11,404.674666
237.315545,304,404.832371
196.292807,723,405.202757
-435.134612,312,405.363316
17.457907,230,406.265826
-434.618592,326,406.432744
220.461307,278,406.582472
75.218209,267,406.722565
56.753507,235,406.846977
230.770738,332,407.023398
-100.317794,6,407.027353
234.070131,418,407.254973
-101.064439,5,407.258303
236.00723,277,408.270582
244.242162,303,408.430662
-119.410676,20,408.441579
-101.509493,4,408.444293
53.253516,246,408.575081
230.706736,319,408.747602
251.711263,342,408.928515
54.140351,227,409.049785
-111.29072,23,409.06237
254.263096,422,410.095319
-91.023558,11,410.102067
227.735106,343,410.284745
-92.571034,21,410.296533
249.470311,417,410.523521
190.317108,790,410.930638
-15.996005,243,411.056353
-102.627914,7,411.060689
231.189542,318,412.031721
239.941454,308,412.195296
-97.400731,7,412.199604
219.02714,288,412.35313
221.779581,388,412.563597
-103.004492,6,412.56774
245.694654,334,412.741389
-95.331663,14,412.749306
-112.675221,12,412.756013
235.739009,315,412.918344
-100.809118,4,412.921075
-101.471603,5,412.924217
-102.07853,4,412.926787
228.460352,496,413.977066
-110.960367,12,413.984193
-101.647739,5,413.987439
60.158816,246,414.113495
54.583758,215,414.223965
-88.323641,17,414.233014
-102.041764,4,414.235708
-90.075569,21,414.246977
252.394417,331,414.419814
220.978421,324,414.591267
-101.69745,4,414.594093
-100.845432,6,414.597842
183.082802,750,415.782444
-105.630164,10,415.788721
226.901668,307,415.947095
223.199344,440,416.174725
225.450136,305,416.332156
-110.889783,21,416.343522
235.731242,331,416.5204
-101.226886,4,416.523132
221.656795,633,417.687335
203.825041,290,417.840705
-100.903225,3,417.8431
-101.669514,5,417.846315
33.535476,231,417.966573
222.713784,306,418.127285
-25.501886,224,418.244113
253.640736,299,418.401588
251.312132,331,418.581483
239.823451,408,419.607786
-79.449814,15,419.616487
27.704703,231,419.740833
-100.463285,4,419.74366
-99.297664,5,419.746795
221.965024,303,419.905907
-103.811052,10,419.912058
68.813542,267,420.053812
-102.337173,7,420.05817
-100.11414,3,420.060289
-103.76911,7,420.06451
-94.552961,6,420.068439
-97.192792,36,420.087619
-98.854911,34,420.10595
-102.243701,10,420.111852
-105.925654,8,420.116639
-101.731997,18,420.12652
221.569428,316,420.295272
-94.881449,26,420.309325
224.478156,333,420.48712
-102.091615,7,420.491482
-100.905435,4,420.494146
-100.770147,3,420.496262
195.585698,703,421.662207
13.044215,228,421.780886
-97.675625,8,421.785711
-94.361626,7,421.789847
29.572509,240,421.91347
-99.548266,6,421.917109
240.207609,337,422.091604
229.288458,287,422.239714
-124.357428,27,422.254077
223.582807,312,423.201674
245.822715,323,423.370157
224.768863,307,423.529495
40.982978,246,423.66218
242.722776,317,423.832583
-107.837071,8,423.837379
-99.61669,9,423.842679
-103.111461,4,423.845345
214.984513,280,423.994794
-101.924989,7,423.999356
-100.622894,4,424.002056
243.559108,295,424.155459
-102.390373,5,424.158598
-99.155697,10,424.164256
-91.640531,9,424.169479
244.240617,327,425.119276
-104.5536,6,425.123084
-102.38157,4,425.125679
-99.557804,6,425.129209
-101.874445,3,425.131202
-90.514317,7,425.135263
-99.447213,8,425.139783
-101.533234,5,425.14277
-102.334836,4,425.145343
222.258025,304,425.301761
23.81442,238,425.424307
-433.222199,279,425.568016
-102.489681,4,425.570815
-184.100582,1596,427.188032
57.190802,239,427.314587
-101.897976,5,427.31793
229.946081,299,427.478142
-101.788008,4,427.480984
25.527053,250,427.61529
-100.499413,6,427.619113
-97.644918,8,427.623837
-102.683676,4,427.626543
255.408699,326,427.802413
-101.65026,3,427.804707
-98.743072,4,427.807426
-75.050325,16,427.816265
-103.118197,5,427.819491
-43.365809,237,427.945605
230.028467,323,428.909035
238.129754,327,429.085023
-101.478914,5,429.088408
-1545.743976,340,429.269798
-3.387482,267,429.412021
-101.640098,7,429.416569
44.340543,226,429.537673
-2360.238098,364,429.732574
43.985595,225,429.853387
-101.386207,4,429.856234
-86.652749,14,429.864067
66.007972,208,430.773308
249.877795,322,430.941947
-23.921737,251,431.07327
-98.76986,5,431.076589
23.267387,237,431.200613
210.686407,302,431.359554
229.324669,428,431.586985
-93.62107,9,431.592736
-104.257781,9,431.598037
9.050833,247,431.726296
-114.152668,15,431.734519
229.117745,304,432.67125
-89.981365,233,432.792038
-102.076031,4,432.79473
242.121255,305,432.953003
242.563101,388,433.154227
-102.225381,4,433.157009
262.106735,400,433.365782
-98.114271,805,434.562845
-99.857709,7,434.567278
-103.879686,6,434.570929
-102.966394,12,434.577534
-91.924984,10,434.583405
44.059327,229,434.703858
-92.975592,29,434.719764
231.197038,335,434.896141
179.888118,760,435.296762
231.966411,322,435.467823
-100.427111,13,435.475254
44.990986,226,436.385395
217.036634,277,436.533505
-112.711493,19,436.544504
54.504411,219,436.660836
-109.031009,13,436.668323
-107.485708,11,436.674534
233.255517,367,436.865789
-102.096671,5,436.869088
44.958744,232,436.989231
-102.585104,6,436.993061
48.102134,261,437.127943
175.609814,318,437.296001
-105.764931,7,437.300391
76.537934,213,438.207544
-102.353126,5,438.211099
-99.768019,5,438.214311
239.863443,306,438.374813
247.390072,295,438.534641
-102.847399,7,438.539513
239.319719,330,438.7153
-98.84892,7,438.719796
247.308338,341,438.898241
-7.964868,249,439.029808
199.802127,332,439.206013
-99.872985,6,439.209808
-101.892959,5,439.213026
184.492172,302,440.153732
9.882091,263,440.290543
-101.590454,3,440.292853
-97.311459,4,440.29541
-100.358293,9,440.300444
251.061793,310,440.459938
165.810124,913,440.937638
221.587549,420,441.945922
225.226213,280,442.091149
-122.679067,35,442.109495
-101.855928,5,442.112715
217.266589,325,442.282756
207.816367,276,442.425009
-97.281206,7,442.42924
229.875121,316,442.595815
-105.338037,24,442.608663
-20.736657,233,442.728692
259.598031,323,442.894742
256.257811,452,443.932292
-101.583785,199,444.038966
231.684678,274,444.190084
258.98248,322,444.361376
186.406834,784,444.779868
-101.408633,4,444.782909
-102.927576,6,444.786552
99.896283,1311,446.257677
-67.6015,210,446.366925
217.38263,299,446.527442
-102.16682,4,446.530209
-102.790726,4,446.532849
-101.018406,5,446.536006
-97.617513,6,446.539589
-107.680163,10,446.545173
-103.444987,5,446.548259
236.356101,291,447.482858
-91.368122,15,447.491415
-99.129994,6,447.495117
-101.621549,5,447.49819
233.546445,316,447.667906
226.201528,378,447.869388
233.950163,326,448.03913
249.466876,295,448.192492
235.121929,334,448.364857
-2633.757902,436,449.392134
-99.50873,6,449.396199
226.369634,287,449.548836
52.277649,233,449.673097
242.234081,447,449.912691
-102.579794,9,449.918357
-101.749183,7,449.922565
-101.75936,4,449.925104
223.132459,276,450.072324
78.755901,229,450.193323
77.975291,229,450.313855
-94.61425,24,450.327103
230.488768,337,451.2816
-99.780025,13,451.288831
-97.343331,7,451.293298
227.851811,321,451.457185
-95.9462,4,451.45983
-92.067392,12,451.46642
247.653121,306,451.625337
-295.59323,1884,453.38796
60.157204,283,453.541182
147.112336,987,454.052106
-90.293122,8,454.056897
-100.029947,6,454.060507
199.187515,2382,456.956408
256.087715,324,457.124519
-99.63976,4,457.127304
-65.155773,254,457.257539
24.115015,262,457.392195
50.367863,242,457.516131
108.766426,1240,458.965803
228.689842,321,459.1343
-99.749725,3,459.136588
-72.936691,24,459.149454
141.430991,365,459.343903
230.072311,299,459.50064
204.97961,325,459.674293
99.364018,8616,468.363152
194.72552,409,468.578701
-98.511316,7,468.582959
-100.467562,4,468.585577
-101.993624,3,468.587641
220.547056,330,468.757257
26.73798,228,468.876195
51.954583,260,469.009781
-104.43123,10,469.015613
-93.406679,9,469.02063
-102.237331,7,469.024799
-91.246818,10,469.030336
230.754433,304,469.186442
-91.587514,14,469.194264
37.930678,240,469.317676
-100.105938,4,469.320346
-101.388984,4,469.322883
-92.754512,215,470.223506
260.970878,468,470.471172
-100.163872,5,470.474468
-100.992691,9,470.479734
-98.413368,6,470.483412
-77.996384,249,470.614789
-89.881521,28,470.629837
-98.365512,11,470.636242
238.583411,341,470.819256
-101.934837,7,470.823723
-98.756569,7,470.827996
-100.523687,4,470.830673
-100.08458,5,470.833864
36.199398,288,470.986519
-96.845555,8,470.991361
-69.489872,206,471.099799
-109.635407,24,471.112902
183.176034,499,472.164257
180.65136,4905,476.418677
-98.051256,8,476.424368
-99.289749,7,476.428476
205.935485,447,476.661377
-100.298458,3,476.663736
-93.906241,5,476.666824
221.772823,700,477.834636
259.550521,300,477.993276
-82.218705,16,478.002127
-101.68796,3,478.004295
70.136687,295,478.160269
-93.440444,9,478.165707
21.330278,220,478.281065
-97.786312,2384,480.330391
-100.456426,5,480.333721
226.02104,285,480.486576
-206.16668,2923,483.571524
-105.771197,17,483.581535
-97.80799,7,483.586014
-118.227096,24,483.599316
-100.951521,3,483.60168
-100.675877,4,483.604386
-95.840142,8,483.609248
-107.666962,20,483.62078
234.110204,332,483.79731
219.993584,347,483.97853
-90.584601,231,484.098855
269.985829,453,484.338842
-104.374388,14,484.346962
252.268673,406,485.351436
238.772002,336,485.527069
189.714119,408,485.743821
208.819513,572,486.049379
-100.873246,4,486.052313
-99.836067,5,486.055473
-101.226546,4,486.058109
-100.062214,6,486.061672
-101.114483,5,486.064793
229.475163,334,486.241117
230.064297,382,487.234441
-101.967727,4,487.237286
27.313391,245,487.366345
65.750334,8609,495.199629
13.094122,285,495.350682
-101.531851,3,495.3529
103.029623,6532,501.305111
-110.889019,33,501.323155
239.019428,370,502.29781
-101.33317,4,502.300712
-103.422927,13,502.307859
225.766426,332,502.481723
179.610265,1594,503.336744
7.227781,299,504.267915
223.621705,429,504.493198
-92.729091,21,504.504638
-102.035672,7,504.508793
251.123165,337,504.684005
-100.230496,6,504.688157
176.811949,344,504.866211
-82.161419,217,504.978001
-74.978496,48,505.003308
-111.43676,770,506.210262
194.296326,304,506.372635
-102.3421,5,506.37604
17.581023,286,506.529681
106.709224,5329,511.838297
223.680973,2828,514.171117
-97.319953,7,514.176086
34.430791,270,514.315538
228.773937,345,514.493528
232.095815,328,514.664843
-92.782141,14,514.6727
-103.473744,9,514.677848
197.100075,341,515.794144
-99.32685,6,515.797977
140.278784,955,516.287507
-100.356362,4,516.290403
180.250286,3231,519.64149
-99.543703,6,519.646327
-101.333204,4,519.648993
-100.587579,4,519.651601
-90.97579,151,519.730503
221.743851,303,519.890354
242.652304,307,520.052299
209.803348,293,520.206191
-94.101679,6,520.210011
229.597507,868,521.457895
-85.997534,12,521.464816
225.620932,1119,522.075232
180.086586,798,523.276726
-100.684883,6,523.280655
217.452995,500,523.540824
199.384256,417,523.760636
237.572245,347,523.940978
48.321209,307,524.101329
-86.15633,234,524.223637
211.641575,329,525.178297
-100.182939,4,525.181047
51.932816,332,525.35401
250.333178,427,525.584139
141.723129,3742,529.162863
212.519621,1601,530.815409
-97.724948,7,530.819833
177.778685,465,531.064488
233.640197,328,531.235176
-101.693816,4,531.237914
55.013506,317,531.406486
233.760661,662,531.768926
204.813183,321,532.738006
46.173057,304,532.894773
192.711945,414,533.108593
-100.671993,4,533.111335
50.214329,288,533.257267
229.898597,309,533.423633
-1817.016943,439,533.658135
51.382306,279,534.602678
207.562223,312,534.769505
233.848641,1145,535.37495
-76.301034,33,535.39253
213.020706,414,536.408091
116.812453,1111,536.998618
232.864627,664,537.346789
-100.209652,5,537.350246
-96.035959,246,538.266858
244.768031,359,538.454771
31.249484,273,538.601011
211.571526,315,538.769125
-98.029869,4,538.771816
-83.975809,143,538.845582
-1793.27598,455,539.08249
-100.174513,4,539.085393
203.373292,4118,542.880724
-100.464163,4,542.88547
-72.8791,255,543.01716
-101.275102,5,543.020432
-102.230196,4,543.023008
196.203543,493,544.065265
-91.678637,12,544.072173
234.691131,327,544.239991
249.671439,317,544.403194
-101.3361,4,544.405904
-99.246066,4,544.408564
-104.996338,12,544.415166
-99.695334,6,544.418751
237.232508,341,544.594587
-83.202819,18,544.604466
-90.298617,11,544.610687
-100.766341,4,544.613384
190.609122,403,544.823475
102.590461,1090,546.188571
-86.515052,18,546.198912
-99.948716,4,546.201572
-119.343336,804,546.620347
222.734347,642,547.750779
193.112828,363,547.944188
66.643808,1426,548.676655
-106.252353,211,549.585964
-444.198483,350,549.772755
-99.086046,7,549.777247
17.725837,272,549.920589
-98.308605,5,549.923787
-101.271325,5,549.927012
244.713828,415,550.148614
-89.9884,18,550.158556
-92.030277,9,550.163911
210.078078,343,550.345322
-101.886586,3,550.347681
-88.677369,10,550.353361
245.243589,413,550.574063
-112.927993,16,550.583018
45.443339,330,551.53855
211.878491,628,551.876313
68.379996,285,552.025653
-100.239393,4,552.028437
-101.916703,4,552.031109
-100.601396,6,552.034716
-106.446231,25,552.048143
234.731919,323,552.218064
-83.200719,215,552.33125
-99.528759,5,552.334532
59.334304,280,553.279629
-109.617087,14,553.287835
233.248851,419,553.51381
253.376148,341,553.692443
174.84771,334,553.866606
230.351686,343,554.044872
56.545393,323,554.211689
202.517196,313,555.186909
52.731264,271,555.329382
-67.651268,257,555.463978
40.951411,267,555.603863
232.747757,291,555.760264
-101.000291,6,555.764263
-97.610897,10,555.770216
-101.224714,5,555.773354
221.74943,421,556.000027
6.692447,1734,557.711754
-99.708264,5,557.715638
214.935427,325,557.887963
65.570925,1449,559.468896
104.882869,1297,560.938593
204.152478,388,561.140391
251.242443,345,561.317595
187.184638,374,561.514068
181.986132,368,561.708142
-98.641909,6,561.712198
202.916198,325,562.673938
-88.257408,11,562.680606
-87.945409,12,562.687227
72.710939,275,562.829796
-112.653568,14,562.837599
217.819923,561,563.131326
58.019972,321,563.303297
-100.143673,5,563.306664
148.454615,466,563.559775
234.627266,442,564.587407
24.073683,300,564.746341
196.684163,381,564.947675
-84.861532,14,564.955726
193.54338,1147,565.582773
-99.723583,3,565.585382
52.113363,309,566.54646
218.310635,339,566.723733
-100.344567,5,566.727079
-99.485286,4,566.730078
-76.243266,230,566.848458
219.617595,324,567.015427
240.809694,338,567.189953
-112.08261,14,567.197809
-100.881866,5,567.20098
-79.497966,70,567.237108
221.59671,322,567.402925
213.22715,466,568.436578
227.525146,363,568.624279
209.378294,430,568.849996
-98.746205,6,568.853884
-100.122935,6,568.857432
-107.855668,858,569.29717
-98.881293,5,569.300676
-99.213695,6,569.304368
219.771419,312,570.251276
157.267467,315,570.415602
204.45427,323,570.58589
-88.419125,14,570.593713
-81.119136,45,570.617378
181.516306,410,570.834283
-66.871054,592,571.13849
172.764536,694,572.29368
47.055437,315,572.454911
-101.897933,4,572.457597
-99.282747,5,572.460748
187.067537,1332,573.987185
54.330615,313,574.154926
-99.560743,5,574.158518
192.970073,330,574.334088
94.993978,1286,575.80414
58.889901,312,575.972433
184.853504,381,576.17826
62.930945,279,576.326524
-106.081761,12,576.33363
-97.855051,6,576.337344
203.574482,326,576.508358
-100.99562,7,576.512749
-32.244782,1928,578.30021
224.192037,320,578.468866
-98.143439,6,578.473107
-90.432557,7,578.477345
-99.286035,8,578.482161
-95.13199,8,578.486848
234.646549,363,578.679486
202.595301,308,579.628158
-102.193363,4,579.63115
-104.636758,8,579.636031
196.885045,326,579.815296
-99.232764,5,579.81857
228.880663,1502,581.400688
-98.492253,5,581.404124
190.251422,376,581.604829
-101.168423,4,581.607766
-96.878881,7,581.612042
215.550822,386,581.825444
-100.633183,3,581.828388
-100.139099,4,581.831572
243.779485,423,582.049908
237.38357,409,582.270574
-100.406645,222,582.385477
-101.465728,4,582.388196
-100.96952,7,582.392365
-98.209507,9,582.39803
22.59523,292,583.336972
217.707133,337,583.516707
-116.274034,18,583.526951
-99.347305,6,583.530819
-98.329354,9,583.536112
55.235922,356,583.724334
-100.968472,4,583.727068
203.361703,354,583.918162
-107.578881,10,583.923861
-85.363371,26,583.937548
-93.805049,9,583.942565
224.395125,456,584.178926
-97.021932,6,584.182737
-100.902986,4,584.185352
214.905325,320,584.350021
204.455348,436,585.377872
-338.764517,404,585.590908
-101.929222,8,585.596045
-97.813213,5,585.599266
174.931851,320,585.769362
-102.257731,4,585.772139
206.216198,591,586.099995
39.753888,303,587.057554
-100.174654,3,587.05985
-101.66746,4,587.062425
228.453944,429,587.285044
107.04376,1037,587.828732
49.928312,303,587.984892
241.463586,412,589.001601
-110.444706,23,589.014646
-94.067438,220,589.131434
183.801028,477,589.387619
192.550159,305,589.55061
-103.269987,9,589.556096
227.687619,346,589.74034
63.601497,1396,591.271008
218.433689,364,591.467408
214.619211,306,591.627527
38.643863,278,591.776561
16.632702,297,592.733529
40.184101,303,592.895418
235.537179,363,593.091272
-226.064698,1366,594.593194
-150.150579,950,595.08422
192.856216,367,595.275567
-101.413333,5,595.27878
-88.519871,12,595.28542
-102.84,55,595.313871
241.412604,423,595.53451
-92.061731,10,595.540199
-107.436197,10,595.546613
-320.24688,1945,597.344325
-100.562276,3,597.346954
219.179382,782,598.569944
-100.729805,4,598.573044
-113.051308,780,598.988999
-333.410024,366,599.184468
-100.369912,223,599.303891
242.72836,350,600.284554
-73.136472,207,600.396181
196.421489,452,600.646265
-101.293457,4,600.649306
-100.652911,6,600.652971
-113.95646,29,600.668599
-101.445988,5,600.671818
149.108863,924,601.148066
210.21063,299,602.0974
217.302288,342,602.280231
-112.941042,16,602.289228
42.613113,323,602.455389
-112.053241,215,602.569933
15.945967,320,602.741514
-108.737889,245,602.872377
-118.292564,904,604.124915
-100.15059,8,604.129809
221.794199,351,604.311399
225.168153,322,604.483833
-101.926693,7,604.488302
-99.719315,23,604.5009
225.141379,318,604.670969
-100.304211,5,604.674293
213.765637,340,604.849889
-101.446156,3,604.852158
224.196186,528,605.920758
236.721313,360,606.111239
15.954821,277,606.257557
-111.134045,16,606.266651
-86.449968,24,606.279975
-108.232867,15,606.288717
205.758927,298,606.448877
3.855948,299,606.609078
4.866044,339,606.790119
220.01969,305,607.739675
-101.298741,6,607.743653
-100.568375,5,607.746855
231.515285,372,607.94005
35.966788,299,608.093055
-99.849074,5,608.096517
46.050227,321,608.259567
-98.216641,7,608.263889
-102.018067,4,608.266477
-100.635114,4,608.269064
-96.477204,37,608.288362
178.769196,492,608.544671
-101.393565,6,608.54862
179.663358,314,608.710593
-100.698003,4,608.713388
-100.396729,6,608.717126
211.35399,321,609.676553
167.823037,860,610.120578
211.687434,333,610.291444
-180.246413,1158,611.698861
-101.851127,4,611.701906
213.958608,303,611.863237
-99.885813,3,611.865606
-90.290106,580,612.174603
-103.560152,15,612.183525
-100.076026,760,613.381911
-100.67903,4,613.385084
-95.845665,8,613.390021
44.495229,298,613.549133
-254.570971,1469,614.313628
-121.945089,857,615.542845
-99.816882,6,615.546958
-90.280675,11,615.552994
21.694058,301,615.707463
-101.415558,3,615.709789
-99.352937,5,615.712937
230.421754,724,616.093262
-70.075774,583,617.186104
50.71117,266,617.328665
215.605551,357,617.516376
67.487194,1372,619.015249
244.295614,319,619.181386
-111.973381,16,619.190164
-7.075206,261,619.325235
-98.30521,5,619.328462
-93.20145,12,619.335563
215.052728,544,619.625713
28.520942,251,619.758019
51.55461,292,619.908286
1.475035,1660,621.555643
30.665654,255,621.692222
29.538509,286,622.636727
-69.338104,107,622.69313
-732.844935,399,622.904086
-260.298876,1582,624.530761
-383.262498,3897,627.318533
-64.700958,345,628.287358
-97.059879,5,628.29071
-90.60807,18,628.300454
-36.421656,1980,630.122985
-98.639392,8,630.128487
-92.265157,228,630.249001
-99.34985,19,630.259651
-99.766509,4,630.262366
-101.129719,4,630.265014
-99.537123,4,630.26769
220.540915,333,630.443928
223.323745,440,630.681448
223.317374,333,630.856587
199.844952,342,631.036779
223.693296,357,632.02026
-101.066583,5,632.023598
-100.979859,4,632.026236
-98.371061,10,632.031992
-48.842812,378,632.231715
52.118981,240,632.35966
200.167807,480,632.61713
-101.391203,6,632.621043
-71.217289,13605,645.629885
233.439969,337,645.803864
241.442769,389,646.005123
-100.888383,4,646.007937
208.324007,313,646.172781
-106.784009,726,647.338354
-205.865187,1341,648.036206
216.103822,360,649.019243
232.24076,310,649.180316
-103.097201,12,649.187093
-210.822693,1358,649.885555
-108.420312,14,649.893913
-110.131182,13,649.901226
-100.932922,5,649.904604
-101.380579,4,649.907153
-101.03617,4,649.909688
219.399653,338,650.87167
-99.575832,3,650.874044
33.43933,292,651.030934
-75.06672,217,651.146703
-209.168749,1299,651.827288
24.642167,279,652.770543
17.606655,232,652.895213
215.236,344,653.080676
-91.436599,11,653.087335
43.935522,240,653.214981
-108.034432,231,653.338017
-95.738495,12,653.345134
-652.422957,368,653.541729
-58.64672,369,653.738256
227.111775,305,654.697199
-101.464391,4,654.700142
-99.556152,4,654.702878
232.349374,345,654.888321
-104.98104,11,654.89487
-241.020202,348,655.082343
52.965843,303,655.242968
-90.738048,15,655.251682
227.001126,330,655.435616
-110.606121,15,655.444236
204.494523,340,655.626282
-104.11263,7,655.630671
-59.513126,451,656.649807
-103.950417,15,656.658454
-99.32992,6,656.662087
102.702383,1129,657.257765
38.724202,231,657.37845
-94.821202,9,657.383822
-99.406751,5,657.387124
-99.799448,5,657.390501
-100.346503,5,657.39363
35.482367,237,657.517438
-84.553111,640,658.643296
-100.474686,3,658.645735
246.977965,348,658.834279
-95.178474,10,658.840352
-96.681131,5,658.8436
125.798163,9910,668.157608
-100.721714,7,668.164023
-94.134074,11,668.170208
41.477286,1590,669.785876
-101.680374,4,669.788874
242.672608,487,670.049835
-92.464469,9,670.055346
-101.999488,5,670.058558
235.029774,350,670.244334
-101.989025,4,670.247187
-90.628664,256,670.383995
-90.092278,8,670.388929
23.013479,300,670.546202
-90.426647,9,670.551678
219.965455,330,670.730419
188.75408,463,671.775054
189.703414,622,672.100395
143.096955,399,672.309338
192.587015,455,672.553512
-70.618836,256,672.691097
-108.896152,14,673.481292
-101.948613,3,673.483554
223.137777,326,673.652315
210.761938,5712,678.35648
-106.012882,10,678.364163
218.792933,318,679.323555
-101.07363,16,679.332683
-101.6155,3,679.334965
-107.468279,33,679.352533
224.323831,290,679.508321
-90.784611,230,679.632181
-100.027571,5,679.635643
-100.399614,7,679.639972
-95.358471,5,679.643179
238.403485,340,679.824369
242.314765,314,679.993999
243.894022,306,680.156578
73.510421,304,681.111171
35.535594,255,681.243454
222.088833,333,681.420096
-102.202264,4,681.422846
-896.848577,369,681.619433
-100.287472,4,681.622258
213.642834,314,681.787273
-101.255439,4,681.790013
-103.156399,22,681.801649
-76.64039,67,681.83611
-64.676114,194,681.93598
-101.843535,4,681.938617
-108.717227,11,681.944706
-106.983522,16,681.953375
248.547739,356,682.138123
238.017748,365,683.120413
200.313839,1139,683.751092
-95.391208,8,683.755972
-30.47692,1905,685.530503
-101.112676,4,685.533689
69.428116,232,685.654448
-91.345286,9,685.659821
-100.907587,4,685.662439
-99.68067,220,685.776925
-102.272259,6,685.780679
-93.363284,36,685.799504
-64.890907,259,686.728494
-113.106837,17,686.73823
224.142551,393,686.946994
38.028387,240,687.073805
30.666289,214,687.185991
252.555328,310,687.349418
-100.128437,6,687.35322
189.816579,491,687.614283
102.349726,1201,689.029242
21.589575,1605,690.659421
-101.391472,3,690.661761
-101.770396,6,690.665343
-101.240272,4,690.667793
227.514527,301,690.82187
-101.273169,4,690.824626
256.949608,287,690.971148
-101.573525,9,690.976377
-97.922661,6,690.979971
-102.141939,1243,692.403323
-94.285796,11,692.409806
-85.133948,203,692.522712
-105.668663,33,692.540875
-95.582593,207,692.649884
-60.855599,40,692.670961
-86.515541,53,692.698261
-115.160799,29,692.71369
-104.320445,10,692.71929
-51.513972,155,692.798969
-100.313083,6,692.80257
-114.405808,20,692.813089
-104.422958,8,692.817728
-101.234847,3,692.819806
-91.77567,7,692.823813
-100.106958,5,692.827164
-97.359903,4,692.829719
237.421368,392,693.035777
-78.99324,217,693.148089
-99.552242,5,693.151335
99.710379,5970,698.794496
-103.842535,8,698.799375
-103.008022,4,698.802054
-103.405885,6,698.805655
235.879091,590,699.926234
-95.280447,9,699.931901
-51.503626,135,700.003843
235.550531,282,700.154079
196.613372,277,700.301289
58.431234,278,700.449577
-99.838643,5,700.452915
-101.848929,4,700.455983
234.638051,959,700.973735
256.703678,323,701.95105
236.030215,878,702.429374
57.237788,258,702.566404
236.620412,310,702.733246
262.106946,310,702.898793
-90.012541,7,702.903094
-84.545954,12,702.909719
-99.180721,14,702.917416
160.107235,328,703.887155
38.028053,223,704.004762
-100.15094,5,704.008229
-109.471482,216,704.122533
-82.555229,12,704.129485
-101.271889,215,704.243173
157.623012,343,704.428963
153.586975,300,704.59085
-101.40938,4,704.59364
-98.84361,16,704.602301
258.75667,288,704.752286
-99.869525,5,704.755475
34.91163,273,705.688938
-11.133382,1774,706.609092
-93.284976,6,706.613753
226.317047,292,707.553264
-119.576659,210,707.66791
-100.31223,8,707.672853
-101.369587,4,707.675554
-99.989838,51,707.703203
-100.61507,5,707.706594
-99.719237,6,707.710261
113.71981,1112,708.288897
-101.424305,4,708.291685
-100.354714,13,708.298947
228.507828,293,708.450242
-101.530669,13,708.457731
-350.559369,323,709.418404
-117.527057,848,709.856643
243.999626,317,710.01961
-101.525268,4,710.022336
-98.085897,8,710.026969
233.489258,349,710.21086
-90.607028,60,710.242333
-89.196583,22,710.254512
-15.075728,1832,711.985532
-99.818667,5,711.988948
233.938711,362,712.176142
-80.852457,197,713.076579
-118.378015,34,713.095154
-101.142915,5,713.098685
215.362169,308,713.259934
-99.07793,5,713.263346
-101.359791,5,713.266568
-85.097652,19,713.27685
-104.360476,37,713.296466
152.482659,860,713.746833
-68.706001,190,713.846102
-97.856749,6,713.849904
80.376759,1442,715.373106
238.874415,281,715.524719
-11.841013,221,715.640837
197.652066,5012,720.776333
243.001037,1435,721.538866
245.024793,314,722.501542
229.371552,298,722.662775
-110.198583,16,722.671862
239.673552,284,722.822378
152.973076,832,723.262248
-104.49826,8,723.267464
-101.122241,6,723.271227
245.577992,334,723.450526
237.551902,285,724.379779
254.698647,296,724.534299
245.062219,365,724.729849
-65.581828,49,724.755853
-104.63553,18,724.765829
-101.685661,4,724.768479
-101.164288,5,724.771571
219.543651,303,724.929833
255.601343,331,725.10693
84.233409,1415,726.636277
136.398197,1081,727.192933
131.851965,950,728.483255
154.318484,386,728.691061
-117.778748,1106,730.058411
-108.267064,11,730.064835
244.288226,349,730.250237
162.727399,915,730.725584
-98.600412,8,730.730648
-102.940264,6,730.73433
44.023449,214,730.8444
-94.441193,6,730.848134
-100.145672,4,730.850691
24.102739,231,730.969025
196.968197,305,731.910264
252.737448,1703,732.809178
-104.079711,7,732.814023
46.039729,253,733.747917
-98.252147,37,733.767995
-89.438867,207,733.877869
-107.049418,32,733.895291
262.6742,284,734.044164
-111.47186,16,734.053035
-115.829596,21,734.064436
-87.485195,14,734.072196
231.343062,308,734.233744
209.616414,317,734.403657
225.342871,331,734.582496
194.078427,300,734.738461
136.515476,322,735.699536
-101.278198,3,735.701797
-104.032711,43,735.724192
239.615519,732,736.114334
-116.727793,18,736.124298
-101.229668,4,736.126945
254.808015,345,736.30605
42.150304,1557,737.884774
-83.094808,221,737.999388
225.255948,314,738.166658
196.012469,278,738.310092
-108.433041,199,738.412475
-92.146387,40,738.433437
-79.495142,17,738.442657
-102.41005,3,738.444773
-97.535813,4,738.44727
52.524658,1462,739.982934
-111.119252,17,739.992341
-113.895614,23,740.004451
-103.450722,37,740.023937
-533.359775,365,740.21124
225.313286,882,741.493837
-91.687876,9,741.499376
-102.946852,4,741.501969
-104.773287,9,741.507139
-101.430503,4,741.509717
36.377381,216,741.620044
-99.092147,4,741.622681
-101.469098,3,741.624741
-115.10949,19,741.634856
210.944162,331,741.805781
-101.788369,4,741.80853
-101.330166,4,741.811211
254.422871,537,742.094552
-106.964695,42,742.116698
-102.294775,4,742.119407
-97.060698,18,742.129071
-115.800967,14,742.1367
-114.265105,14,742.144247
248.415604,363,743.19925
233.624881,283,743.348698
-99.263986,4,743.351619
31.623188,241,743.475967
-100.503939,5,743.479223
-100.014525,13,743.486365
17.169496,229,743.605305
-100.953508,5,743.608623
45.413858,247,743.743228
55.658958,217,743.856058
-99.498307,6,743.859728
-111.049594,11,743.865891
-101.611135,4,743.868492
224.476451,283,744.015374
-98.295801,37,744.03542
-112.803642,1134,745.421273
50.368598,236,745.54819
238.48416,278,745.69971
258.532566,451,745.942631
-100.641037,5,745.946095
-102.736389,4,745.948704
232.828439,422,746.968616
-102.991959,5,746.972339
-101.727137,3,746.974513
-524.23982,333,747.151932
-95.210718,7,747.156303
-100.508147,5,747.159534
41.51888,244,747.288035
150.263255,370,747.495094
69.20175,232,747.617156
-99.592809,4,747.619969
213.1057,284,747.773088
-98.298218,931,749.071672
-101.237971,4,749.074733
-100.797209,4,749.077424
234.165324,284,749.224238
-131.741156,1052,749.767872
243.839379,360,750.759232
33.956979,218,750.871982
-117.924245,1078,751.422152
-81.344009,13,751.429567
-90.274974,27,751.44381
-90.337436,18,751.453402
254.768193,426,752.488595
237.758195,298,752.645041
-109.63509,11,752.651407
-95.9473,6,752.655018
-84.095623,44,752.677809
-109.178705,55,752.706182
-101.630039,4,752.708975
227.626008,288,752.855945
-524.907907,322,753.022161
19.987457,227,753.138497
-101.120525,5,753.141752
-83.538721,16,753.150359
24.445961,235,753.270344
214.256172,284,753.41646
-95.575628,8,753.42118
236.036417,366,754.392247
-918.464254,326,754.564347
217.938037,286,754.71709
180.953969,388,754.922847
237.157661,394,755.129817
-100.282196,3,755.132176
-99.996924,5,755.135283
-87.657612,12,755.141839
183.155536,282,755.289092
-89.037146,12,755.295824
-98.460704,6,755.299583
248.534249,280,756.238436
55.631369,249,756.366866
206.480113,523,756.653603
-96.866047,12,756.660437
-93.853967,11,756.666683
-99.362646,9,756.671955
-101.095521,5,756.675077
-161.214167,333,756.854216
187.654145,275,756.999894
214.035516,270,757.138911
99.312225,1276,758.61316
242.749024,322,758.784688
217.046396,292,758.939801
248.074564,330,759.114213
-93.391731,35,759.132973
-99.887801,7,759.13741
261.070525,323,760.116785
-99.023745,6,760.120815
-99.077656,6,760.124415
-97.810286,7,760.128624
-99.615658,6,760.132201
218.366338,289,760.28202
158.681637,872,760.727125
203.932975,333,760.897619
-95.632099,11,760.90413
218.203228,283,761.857546
-101.564242,3,761.860031
1.042736,232,761.979821
196.571454,322,762.146233
-106.194504,13,762.153429
-114.464859,23,762.165464
-111.87377,11,762.171666
-93.646781,6,762.175315
76.125784,230,762.29279
-98.302196,8,762.297485
236.379807,285,762.443432
99.489181,1168,763.847255
-110.993287,11,763.85403
23.013705,209,763.964538
-101.872324,5,763.96786
253.353071,279,764.116042
-108.485981,179,764.211647
173.298809,880,764.676172
231.773439,271,765.609008
22.242447,234,765.730559
-81.113567,26,765.744472
-101.689205,3,765.746592
40.926723,252,765.880964
-91.736148,12,765.887773
253.089768,316,766.051077
-91.660715,10,766.056789
-45.762537,879,766.509103
-91.361367,10,766.515035
-94.702018,7,766.519224
-96.890264,6,766.522697
228.694303,527,767.591343
-95.72327,5,767.594594
50.656873,210,767.704051
-398.574079,297,767.858927
-117.273594,27,767.873314
-102.776126,6,767.877034
-101.519976,4,767.879575
-65.215336,896,768.354253
231.53069,274,768.497446
-104.885685,11,768.503705
244.330602,316,769.46448
-107.268388,9,769.46984
-101.763073,3,769.47198
-100.830192,5,769.475074
-100.340805,6,769.478714
218.494826,275,769.624069
230.038138,297,769.783359
27.265568,228,769.90591
255.343525,305,770.073269
-100.139141,5,770.076855
-101.025684,4,770.079591
-84.414491,17,770.08885
53.835402,285,770.24082
21.386511,216,770.354775
-104.313153,13,770.362018
-110.048311,14,770.369695
-82.659513,15,770.377831
222.266021,286,771.327972
226.9558,357,771.519688
-101.886621,4,771.522445
-104.78259,10,771.528233
-91.522873,10,771.5339
234.328352,282,771.68435
18.130305,239,771.811409
-110.15213,12,771.818405
174.084604,284,771.96968
54.261601,216,772.083882
-103.013137,5,772.087143
240.69323,314,772.251846
-94.353172,22,772.263501
222.843009,291,773.195238
251.930818,357,773.37908
-105.090283,28,773.393657
250.983827,320,773.56199
-100.27602,5,773.565236
-91.697064,10,773.570821
-770.944611,313,773.734755
261.361731,265,773.874437
-101.155341,6,773.878268
228.549697,280,774.024373
-91.358756,7,774.028679
-100.764866,3,774.030763
-105.91485,7,774.034959
-94.62606,6,774.038548
33.811644,208,774.146927
247.623855,278,775.094584
-102.537078,4,775.097485
-98.296415,10,775.10317
-101.539101,4,775.105828
158.842172,971,775.618757
-97.984822,3,775.621471
-101.797772,4,775.624093
243.118559,281,775.773549
-111.495512,54,775.802624
245.866023,403,776.01956
205.151482,303,777.063125
208.722049,296,777.219583
204.260046,334,777.396165
-90.499942,201,777.504454
220.117849,407,777.72221
-102.053435,6,777.726032
-105.932101,8,777.730663
-101.720946,4,777.733304
-101.745145,4,777.735896
261.0703,314,777.898181
242.048881,321,778.862289
-98.511691,6,778.866109
-99.587977,5,778.869282
158.512373,2293,780.917492
-103.311352,7,780.92203
145.271628,550,781.21251
199.543001,1227,782.661381
108.770462,1290,783.327471
-85.346015,11,783.334036
-102.410512,4,783.336631
-114.496763,19,783.346817
242.236298,365,783.539615
104.662677,1251,785.026078
-115.284645,43,785.049291
-107.879904,9,785.054805
213.876037,285,785.205133
178.552271,758,786.419589
-101.631552,4,786.422875
-97.574018,9,786.428174
225.251276,291,786.584981
-99.289008,38,786.605513
-100.745541,4,786.608481
219.634896,408,786.822933
44.22855,219,786.93573
51.536338,244,787.06126
-11.507916,709,787.422741
240.107095,309,788.381887
-97.415701,5,788.385092
234.19858,768,788.809352
-111.637965,14,788.817466
-99.466111,5,788.820785
163.661031,3700,792.44368
231.587248,286,792.590515
-87.647956,13,792.597697
18.733698,204,792.70303
51.95783,236,792.824713
29.720008,199,792.927026
245.631274,313,793.095267
243.728602,300,794.048571
-105.483512,13,794.056167
241.63457,288,794.205787
237.590766,302,794.365451
52.624406,251,794.499742
227.16484,282,794.650531
-101.152376,4,794.653373
-100.516325,4,794.655991
20.522851,208,794.765374
-95.500206,211,794.876316
-98.935758,12,794.883089
-101.70627,6,794.886759
-99.794694,8,794.8914
103.842385,1135,796.278293
242.15949,311,796.439218
121.130386,1146,797.832535
256.570663,322,798.004638
63.344864,242,798.133322
-99.244626,6,798.137157
-174.845919,336,798.317746
247.787345,692,798.710742
241.983013,308,799.6957
-101.122559,5,799.699559
235.23749,324,799.876705
-100.992501,4,799.879664
-96.513264,5,799.883029
-101.708461,4,799.885685
-102.672733,8,799.890567
236.442011,287,800.045332
243.655858,386,800.257223
-96.759008,26,800.271827
224.438785,536,800.568274
36.423964,219,800.685847
-55.143737,894,801.976828
-122.022172,22,801.989691
-82.491808,19,801.999911
-101.575496,3,802.002219
-98.929133,5,802.00537
-101.731488,4,802.00804
58.25546,1433,803.579309
-186.244903,298,803.740742
238.367754,305,803.906989
-99.792529,5,803.910647
226.037383,305,804.074727
-101.344527,3,804.077317
245.681327,342,804.26402
-100.904099,4,804.267128
264.684224,318,804.440554
242.07755,315,805.42963
-101.563862,5,805.433174
203.473288,632,805.783564
-0.284282,208,805.894553
-85.345484,11,805.90094
-99.907707,6,805.904814
-108.131844,31,805.921847
53.483691,226,806.041611
-100.080496,4,806.044553
232.076063,300,806.204307
-593.246709,317,806.373446
194.075908,287,806.526856
167.418205,893,807.824367
236.469828,352,808.016942
-101.432092,4,808.020472
-99.62371,6,808.024221
236.311426,333,808.200434
178.297817,2729,811.337403
228.421006,438,811.578795
197.413677,296,811.738317
-85.194023,13,811.745993
108.495851,1223,813.228533
-381.991216,354,813.416637
230.778636,318,813.584785
-99.730235,4,813.587681
258.793846,320,813.758308
-100.12489,17,813.768307
239.051536,330,813.943233
-101.435916,12,813.950401
202.366032,281,814.099553
235.124611,314,815.088135
210.559434,287,815.243483
-98.788858,4,815.246433
113.688368,1124,815.846069
-99.175458,6,815.850219
-101.27224,4,815.852902
249.581536,345,816.036763
247.111432,399,817.058867
-84.083617,12,817.06605
226.987207,363,817.260778
222.323584,284,817.410088
-100.06731,3,817.412486
200.550566,315,817.581297
-101.111321,3,817.58366
-79.702224,23,817.596485
209.971429,284,817.748401
-100.377588,8,817.753442
-102.157675,46,817.777965
-102.269126,4,817.781079
126.842137,1092,819.166995
46.152784,236,819.292442
126.934205,1022,819.847833
-100.415832,7,819.852722
-98.115137,5,819.85605
254.318969,300,820.817065
-74.731707,41,820.839242
240.274963,282,820.988415
-114.704635,34,821.00656
233.08772,322,821.176327
79.919241,217,821.291284
-109.210015,12,821.298421
-100.600704,6,821.302304
251.314233,303,821.47423
-96.781915,13,821.482039
-604.294436,378,821.685349
-95.544981,6,821.689593
170.104205,849,822.96295
223.097295,308,823.132965
-103.098345,25,823.147306
128.476518,1076,823.722599
-117.646101,41,823.745306
237.586332,299,824.721614
-100.500159,4,824.724709
-101.268525,4,824.727496
-101.590229,3,824.729648
55.539737,233,824.854219
45.748177,212,824.966885
0.447513,226,825.087211
162.878556,936,825.58454
-101.616005,8,825.590288
-96.852552,12,825.597457
-102.279513,8,825.602504
-19.038295,11767,836.882765
-96.285192,9,836.889888
-37.843696,21556,857.587462
199.474958,1398,858.3631
-83.53243,211,858.475972
159.488941,349,859.499548
47.115954,226,859.624112
156.314126,322,859.802176
247.692605,504,860.076372
248.836872,257,860.21696
234.529589,266,860.361681
-95.954656,9,860.367164
221.968861,283,861.312295
259.73079,287,861.462305
252.827514,390,861.668606
-108.439784,15,861.677163
263.062405,382,861.878019
266.306968,304,862.03897
-106.619746,8,862.043881
-98.547473,6,862.047449
-84.491637,18,862.05706
-101.448827,7,862.061197
-101.168856,4,862.063702
218.55472,287,862.212395
37.645047,233,862.333647
153.729314,292,863.277084
-102.481149,6,863.2809
-106.965933,19,863.291143
173.777309,2100,865.201856
-102.427896,4,865.204926
259.995097,384,865.414949
-104.023157,37,865.435701
239.155055,266,865.579264
254.067511,309,865.744316
243.797201,273,865.886687
-100.927972,4,865.889458
267.35381,284,866.038213
239.941738,277,866.969637
-85.968005,186,867.065776
-95.446955,10,867.071608
-101.008904,3,867.073771
198.984573,299,867.228845
179.176725,326,867.401109
43.120138,206,867.507855
-88.571356,219,867.626247
-101.142109,4,867.629133
-94.261423,7,867.633702
-107.699982,9,867.638884
224.726044,281,867.786058
170.693685,379,868.788425
-93.437801,19,868.798917
253.840027,271,868.941602
164.33936,288,869.094217
-92.503266,7,869.098565
169.420873,270,869.242043
210.447746,319,869.413587
-78.688243,28,869.429311
-101.661182,6,869.433644
-104.062221,5,869.436883
-101.844003,5,869.439955
254.670717,294,869.602286
245.984363,1424,871.170489
259.014106,306,871.333461
232.900151,278,871.477974
162.118597,273,871.626583
259.716812,337,872.598705
-99.338283,6,872.602703
-97.952819,4,872.605368
-93.847554,6,872.608997
-90.027538,14,872.61674
172.88353,273,872.761689
218.955914,342,872.942099
-87.846705,10,872.948501
157.583103,271,873.093363
226.060135,294,873.248827
-101.792862,5,873.252193
-98.118875,7,873.256401
-101.770351,4,873.258996
154.231586,301,873.42128
-101.9333,5,873.424695
-89.563277,111,873.483793
-91.927668,8,873.48854
-100.573761,208,873.599013
54.909513,213,874.528992
159.56587,316,874.699679
-98.056988,9,874.705004
-98.625712,6,874.708706
-99.976907,5,874.711828
212.050169,267,874.853585
-100.731946,6,874.857647
-114.096692,12,874.864412
-98.788518,6,874.868142
-85.615642,205,874.976827
-103.792137,18,874.986651
-101.139794,4,874.989464
-112.995504,330,875.164916
268.716621,306,875.328747
-103.249293,7,875.333425
192.900597,295,875.490871
242.706278,504,876.604765
236.004415,297,876.759358
61.332619,202,876.864718
265.291715,312,877.028825
-63.510932,228,877.146668
-100.449249,37,877.166397
201.274025,724,878.362799
-101.146949,5,878.366431
-104.17902,8,878.371611
175.919841,312,878.540434
61.591908,213,878.652037
-91.269695,13,878.659505
-104.231367,8,878.664271
252.250059,308,878.824885
61.618373,195,878.925704
249.658767,304,879.083503
188.488564,308,879.247736
230.310696,260,879.385387
249.54012,297,880.337453
-101.248183,6,880.341255
-102.208394,4,880.343795
246.839231,329,880.51324
-99.19946,4,880.515988
-100.501291,4,880.518611
-101.178683,11,880.524665
248.105299,885,880.990554
-101.793149,4,880.993354
261.8697,378,881.189371
-102.090452,6,881.193153
240.471469,578,882.285939
-101.53234,4,882.288971
-91.507472,8,882.293794
-107.450226,12,882.300723
-96.584771,4,882.303723
-104.336952,7,882.307959
250.594355,308,882.47144
53.724803,216,882.588017
-122.622569,29,882.603673
-93.54864,7,882.607986
-102.309875,8,882.612757
250.742351,499,882.876031
-110.039626,14,882.883977
-79.952483,214,882.995142
-101.203462,6,882.998912
221.71477,262,883.136662
-86.796092,85,883.978685
237.813875,326,884.149823
-103.054819,7,884.15411
31.476538,240,884.279467
-101.373917,4,884.282268
-101.457225,3,884.284426
-101.689249,3,884.286455
-106.487904,9,884.29159
235.918073,276,884.438028
-91.770164,17,884.447374
91.18615,262,884.585273
144.344652,261,884.724504
-101.554238,4,884.727301
235.516101,305,884.886181
165.84313,304,885.841658
-97.986549,6,885.845518
220.088941,289,885.994043
72.624627,15289,900.025332
-100.959395,5,900.029389
169.538739,275,900.17433
230.832902,249,900.303297
-101.883986,5,900.306454
-110.984968,31,900.322672
-101.523266,4,900.325321
267.371501,518,901.409865
66.034537,230,901.52969
-105.43979,7,901.534252
197.073074,2244,903.544464
-118.607472,15,903.554405
117.600984,2989,905.993345
44.632869,181,906.089154
231.905575,292,907.03316
-120.379392,15,907.041542
259.568649,261,907.176471
161.502072,339,907.354125
166.060135,294,907.512375
248.994953,256,907.652391
250.441497,749,908.06908
32.344454,231,908.989855
255.848702,346,909.174478
185.224188,276,909.32104
283.424416,360,909.513197
-100.529745,5,909.516423
-99.911193,5,909.519566
-99.074181,11,909.525802
242.206381,297,909.681112
-103.073846,4,909.683911
-93.221576,6,909.687626
229.272478,263,909.827536
-105.679271,8,909.832474
-102.482536,8,909.837217
254.880406,293,910.789445
-101.166199,4,910.792523
-98.454667,33,910.810508
-113.1454,14,910.818808
260.038225,780,911.246699
-12.487258,208,911.358054
-102.484785,3,911.360274
254.198946,336,911.538185
-100.565962,4,911.541041
-99.990632,5,911.544267
-100.324889,4,911.546919
-7.913987,198,911.65119
231.368784,259,911.787813
261.7416,308,912.756082
-101.23681,4,912.759264
-95.444773,5,912.762467
249.70961,284,912.914371
251.310955,364,913.103847
-98.962575,6,913.107557
-100.804313,5,913.110646
-103.948636,6,913.11416
258.784801,323,913.283475
50.733125,178,913.37922
253.898962,462,913.627636
251.315581,280,914.582963
-79.982259,18,914.592967
242.070502,735,914.985505
-101.456624,3,914.987918
-102.011579,6,914.991479
-101.169955,3,914.99355
-100.999307,5,914.99654
24.430525,215,915.112584
259.350738,331,915.284389
247.358605,239,915.408497
156.590564,259,915.548382
208.910516,257,916.486402
251.075343,529,916.770134
257.333996,520,917.042961
58.609943,240,917.166769
-101.755739,4,917.169483
253.299236,313,917.332507
254.366492,349,917.52111
23.517876,209,918.435724
227.621743,243,918.567933
238.362882,288,918.725774
205.801193,1996,920.638677
-115.284071,35,920.658801
-99.527251,7,920.663354
256.573911,304,920.821089
-108.175499,40,920.842201
-101.790009,6,920.846077
224.41183,316,921.012769
236.071118,241,921.137609
-100.416369,5,921.140867
-96.755996,12,921.147665
88.37144,255,921.279634
-98.283494,4,921.282334
-102.266237,5,921.285407
249.002605,278,922.223074
-100.996447,4,922.225931
-99.990685,4,922.228645
224.408423,266,922.373771
-81.786828,17,922.383614
187.121201,297,922.546813
-99.974187,6,922.550673
271.94509,285,922.701972
245.868588,482,922.963208
-96.67547,9,922.969115
-108.387854,58,922.999198
-101.153228,4,923.001991
232.013644,261,923.139662
-99.563706,4,923.142507
217.971952,260,924.068127
-102.809469,5,924.071752
14.103933,204,924.176217
248.742163,299,924.329212
-101.901161,3,924.331437
-90.235446,11,924.337388
235.113638,286,924.500267
-100.139863,7,924.504709
-101.691081,4,924.507361
-94.331779,11,924.513589
-95.92672,9,924.518789
261.025148,317,924.686206
-110.329358,10,924.691861
-115.723123,34,924.709585
-103.371199,6,924.713326
239.500569,263,924.849581
-120.846323,24,924.862337
